id,collection_id,material_id,denomination_id,condition,year_created,diameter,description,link,numeric_value,extra_year,units,weight,thickness
a1415e8d-f8c8-4b2b-9e1a-4710ec0ae473,5d48ccb9-98e2-439d-a47d-e4acb59c9f47,59fff65e-0fb6-43d2-be0f-fb40238a608f,7505b828-a1dd-4b6e-bc48-ac72a34cad24,VERY_GOOD,2018,23.75,Unirea de la Alba Iulia,https://ro.ucoin.net/coin/romania-50-bani-2018/?tid=81036,50,,5,6.0999999999999996,1.8999999999999999
fd989385-386b-492f-935f-de0ccc0be19c,5d48ccb9-98e2-439d-a47d-e4acb59c9f47,577f19a6-0e57-4ffb-a9f7-611b66bb15eb,08c0f8ac-ee32-459a-bed3-39f05ee86b32,VERY_GOOD,1963,27,deteriorata,https://ro.ucoin.net/coin/romania-3-lei-1963/?tid=20171,3,,1,5.8600000000000003,1.5
6de58292-4d73-4426-9bf8-a0c731e3572f,5d48ccb9-98e2-439d-a47d-e4acb59c9f47,577f19a6-0e57-4ffb-a9f7-611b66bb15eb,08c0f8ac-ee32-459a-bed3-39f05ee86b32,VERY_GOOD,1966,27,,https://ro.ucoin.net/coin/romania-3-lei-1966/?tid=20221,3,,3,5.8600000000000003,1.5
f4576f1b-dbd6-4edd-8178-2b8d930b3e3b,5d48ccb9-98e2-439d-a47d-e4acb59c9f47,12bf063f-c7c6-4738-8dd7-a18c7be1f119,08c0f8ac-ee32-459a-bed3-39f05ee86b32,VERY_GOOD,1942,23,deteriorata,https://ro.ucoin.net/coin/romania-5-lei-1942/?tid=38294,5,,1,4.5,1.75
9fc879d1-53a6-42e9-95e2-f0a63558a657,5d48ccb9-98e2-439d-a47d-e4acb59c9f47,c6153260-2c16-4767-a5d8-d48ace1f3bbd,08c0f8ac-ee32-459a-bed3-39f05ee86b32,VERY_GOOD,1942,24,stearsa,https://ro.ucoin.net/coin/romania-200-lei-1942/?tid=38309,200,,1,6,2
bf86e898-c278-408d-b195-7ee7cc3f6659,5d48ccb9-98e2-439d-a47d-e4acb59c9f47,12bf063f-c7c6-4738-8dd7-a18c7be1f119,08c0f8ac-ee32-459a-bed3-39f05ee86b32,VERY_GOOD,1941,20,stearsa,https://ro.ucoin.net/coin/romania-2-lei-1941/?tid=38255,2,,1,3.2000000000000002,1.55
4f4f837e-28f3-4b56-af4b-0031cdd95d26,5d48ccb9-98e2-439d-a47d-e4acb59c9f47,577f19a6-0e57-4ffb-a9f7-611b66bb15eb,7505b828-a1dd-4b6e-bc48-ac72a34cad24,VERY_GOOD,1966,16,,https://ro.ucoin.net/coin/romania-5-bani-1966/?tid=20214,5,,4,1.7,1.3
55731c47-bf57-4206-b0c5-1beb098f5de9,5d48ccb9-98e2-439d-a47d-e4acb59c9f47,8734e197-5655-422b-968e-f02b792c9d32,7505b828-a1dd-4b6e-bc48-ac72a34cad24,VERY_GOOD,1975,16,,https://ro.ucoin.net/coin/romania-5-bani-1975/?tid=20215,5,,4,0.59999999999999998,1.3
819864cc-c90a-4f9e-a8af-3753724c68f7,5d48ccb9-98e2-439d-a47d-e4acb59c9f47,1c378483-96de-4276-b2cd-6dcefee47897,7505b828-a1dd-4b6e-bc48-ac72a34cad24,VERY_GOOD,1906,22,murdara,https://ro.ucoin.net/coin/romania-10-bani-1905-1906/?tid=38191,10,,2,4,1.3999999999999999
702a853a-9352-434b-b6ba-10d28017511c,5d48ccb9-98e2-439d-a47d-e4acb59c9f47,1c378483-96de-4276-b2cd-6dcefee47897,7505b828-a1dd-4b6e-bc48-ac72a34cad24,VERY_GOOD,1906,19,deteriorata,https://ro.ucoin.net/coin/romania-5-bani-1905-1906/?tid=38189,5,,1,2.3199999999999998,1.1000000000000001
9df49bcb-e860-41fa-b943-2db616e27012,5d48ccb9-98e2-439d-a47d-e4acb59c9f47,8fa498a9-20d7-4ca2-afe0-0c975dd85cce,08c0f8ac-ee32-459a-bed3-39f05ee86b32,VERY_GOOD,1946,24,una e deteriorata,https://ro.ucoin.net/coin/romania-2000-lei-1946/?tid=38340,2000,,2,5.0999999999999996,1.55
900262fe-d83d-46cf-a7bc-6fa0cef2097f,5d48ccb9-98e2-439d-a47d-e4acb59c9f47,aa38d7db-f4ab-427e-9062-56f0db822ebf,7505b828-a1dd-4b6e-bc48-ac72a34cad24,VERY_GOOD,1953,20,,https://ro.ucoin.net/coin/romania-5-bani-1953-1957/?tid=20158,5,1957,2,2.3999999999999999,1.1000000000000001
73fe617e-8708-4f95-bede-b7c6fef79f3a,5d48ccb9-98e2-439d-a47d-e4acb59c9f47,8734e197-5655-422b-968e-f02b792c9d32,08c0f8ac-ee32-459a-bed3-39f05ee86b32,VERY_GOOD,1999,25,Model special eclipsa,https://ro.ucoin.net/coin/romania-500-lei-1999/?tid=19259,500,,1,3.6000000000000001,3.2000000000000002
4c5b9038-f83c-47cc-baa1-0d1b7b1bbc5e,5d48ccb9-98e2-439d-a47d-e4acb59c9f47,8734e197-5655-422b-968e-f02b792c9d32,08c0f8ac-ee32-459a-bed3-39f05ee86b32,VERY_GOOD,1999,25,,https://ro.ucoin.net/coin/romania-500-lei-1999-2006/?tid=18793,500,(1999-2000),8,3.7000000000000002,3.2000000000000002
adda111d-f7a0-439f-9efb-d8b78b822f76,5d48ccb9-98e2-439d-a47d-e4acb59c9f47,577f19a6-0e57-4ffb-a9f7-611b66bb15eb,08c0f8ac-ee32-459a-bed3-39f05ee86b32,VERY_GOOD,1943,28,,https://ro.ucoin.net/coin/romania-100-lei-1943-1944/?tid=38307,100,,1,8.5,2.2000000000000002
f6f0cf6f-5894-4c88-861c-c343a27997d5,5d48ccb9-98e2-439d-a47d-e4acb59c9f47,1c378483-96de-4276-b2cd-6dcefee47897,08c0f8ac-ee32-459a-bed3-39f05ee86b32,VERY_GOOD,1924,25,murdara,https://ro.ucoin.net/coin/romania-2-lei-1924/?tid=38254,2,,1,7,1.8
3860126b-70c7-4c5f-a980-1910530f33ad,5d48ccb9-98e2-439d-a47d-e4acb59c9f47,8734e197-5655-422b-968e-f02b792c9d32,08c0f8ac-ee32-459a-bed3-39f05ee86b32,VERY_GOOD,1978,29,una murdara,https://ro.ucoin.net/coin/romania-5-lei-1978/?tid=20222,5,,8,2.7999999999999998,1.8
f4d66011-b795-43c7-848d-0baaae5ffd4d,5d48ccb9-98e2-439d-a47d-e4acb59c9f47,577f19a6-0e57-4ffb-a9f7-611b66bb15eb,08c0f8ac-ee32-459a-bed3-39f05ee86b32,VERY_GOOD,1993,29.100000000000001,una e neagra,https://ro.ucoin.net/coin/romania-100-lei-1991-2006/?tid=18780,100,(1992-1996),13,8.8000000000000007,2
ce805bff-c2af-4745-8849-72e70b5ad90f,5d48ccb9-98e2-439d-a47d-e4acb59c9f47,12bf063f-c7c6-4738-8dd7-a18c7be1f119,08c0f8ac-ee32-459a-bed3-39f05ee86b32,VERY_GOOD,1942,26.300000000000001,deteriorata,https://ro.ucoin.net/coin/romania-20-lei-1942-1944/?tid=38298,20,,1,6,1.8300000000000001
f18c0e75-5551-4eb7-a55e-3d369e38031d,5d48ccb9-98e2-439d-a47d-e4acb59c9f47,e969bd11-8079-4df9-8f13-8546ca042923,08c0f8ac-ee32-459a-bed3-39f05ee86b32,VERY_GOOD,1993,26.100000000000001,murdara (mai multe),https://ro.ucoin.net/coin/romania-50-lei-1991-2003/?tid=18771,50,1991-1991-1994,11,5.9000000000000004,1.6200000000000001
15490a4c-313b-47f4-8f22-692167c6d7ed,5d48ccb9-98e2-439d-a47d-e4acb59c9f47,577f19a6-0e57-4ffb-a9f7-611b66bb15eb,08c0f8ac-ee32-459a-bed3-39f05ee86b32,VERY_GOOD,1963,24,una murdara,https://ro.ucoin.net/coin/romania-1-leu-1963/?tid=20170,1,,3,5.0599999999999996,1.5
119d02b1-481f-4a04-ae9d-8ff230b71fca,5d48ccb9-98e2-439d-a47d-e4acb59c9f47,577f19a6-0e57-4ffb-a9f7-611b66bb15eb,08c0f8ac-ee32-459a-bed3-39f05ee86b32,VERY_GOOD,1966,24,,https://ro.ucoin.net/coin/romania-1-leu-1966/?tid=20220,1,,3,5.0599999999999996,1.5
b6b3e999-905c-4d3a-b415-450ebb6c3bdf,5d48ccb9-98e2-439d-a47d-e4acb59c9f47,e969bd11-8079-4df9-8f13-8546ca042923,08c0f8ac-ee32-459a-bed3-39f05ee86b32,VERY_GOOD,1993,24.100000000000001,sunt murdare (a.k.a. negre),https://ro.ucoin.net/coin/romania-20-lei-1991-2003/?tid=18741,20,(1991-1995),10,5,1.6000000000000001
10577735-b944-48e9-976a-c991a1325ea5,5d48ccb9-98e2-439d-a47d-e4acb59c9f47,c1109634-1155-497f-930b-b22ba5856cc7,08c0f8ac-ee32-459a-bed3-39f05ee86b32,VERY_GOOD,1992,19,3 sunt murdare,https://ro.ucoin.net/coin/romania-1-leu-1992/?tid=18684,1,,7,2.5,1.3
7f40c23c-4d41-427c-8078-e666087c3c99,5d48ccb9-98e2-439d-a47d-e4acb59c9f47,c1109634-1155-497f-930b-b22ba5856cc7,08c0f8ac-ee32-459a-bed3-39f05ee86b32,VERY_GOOD,1993,19.100000000000001,,https://ro.ucoin.net/coin/romania-1-leu-1993-2006/?tid=18685,1,,1,2.52,1.3
bf6e60f2-1cdc-414f-9958-adce510a6c42,5d48ccb9-98e2-439d-a47d-e4acb59c9f47,8734e197-5655-422b-968e-f02b792c9d32,08c0f8ac-ee32-459a-bed3-39f05ee86b32,VERY_GOOD,1948,23,murdara + deteriorata,https://ro.ucoin.net/coin/romania-5-lei-1948-1951/?tid=20200,5,,1,1.5,1.3799999999999999
527b7791-57af-4315-8241-dbb979e7bc3d,5d48ccb9-98e2-439d-a47d-e4acb59c9f47,8734e197-5655-422b-968e-f02b792c9d32,08c0f8ac-ee32-459a-bed3-39f05ee86b32,VERY_GOOD,2002,23.5,,https://ro.ucoin.net/coin/romania-5000-lei-2001-2005/?tid=18808,5000,(2002-2003),4,2.52,2.3999999999999999
1a287b41-6088-4c8a-a9ce-e45ddbb55f5f,5d48ccb9-98e2-439d-a47d-e4acb59c9f47,577f19a6-0e57-4ffb-a9f7-611b66bb15eb,08c0f8ac-ee32-459a-bed3-39f05ee86b32,VERY_GOOD,1992,23.100000000000001,,https://ro.ucoin.net/coin/romania-10-lei-1990-1992/?tid=18728,10,1991,5,4.5999999999999996,1.7
43236240-bbc4-4542-8e38-24c60493021d,5d48ccb9-98e2-439d-a47d-e4acb59c9f47,577f19a6-0e57-4ffb-a9f7-611b66bb15eb,08c0f8ac-ee32-459a-bed3-39f05ee86b32,VERY_GOOD,1993,23,,https://ro.ucoin.net/coin/romania-10-lei-1993-2003/?tid=18721,10,1995,3,4.6500000000000004,1.7
50575593-3bd3-4991-96b0-cea80a94ed12,5d48ccb9-98e2-439d-a47d-e4acb59c9f47,577f19a6-0e57-4ffb-a9f7-611b66bb15eb,08c0f8ac-ee32-459a-bed3-39f05ee86b32,VERY_GOOD,1993,21,,https://ro.ucoin.net/coin/romania-5-lei-1992-2005/?tid=18711,5,(1992-1995),10,3.2999999999999998,1.5
eca5263d-2659-45c0-8ff4-a5d6ffdc5014,5d48ccb9-98e2-439d-a47d-e4acb59c9f47,577f19a6-0e57-4ffb-a9f7-611b66bb15eb,7505b828-a1dd-4b6e-bc48-ac72a34cad24,VERY_GOOD,1966,22,,https://ro.ucoin.net/coin/romania-25-bani-1966/?tid=20218,25,,7,3.3799999999999999,1.3
30ec3fd7-cae6-4220-a7fd-1ca23d246390,5d48ccb9-98e2-439d-a47d-e4acb59c9f47,8734e197-5655-422b-968e-f02b792c9d32,7505b828-a1dd-4b6e-bc48-ac72a34cad24,VERY_GOOD,1982,22,,https://ro.ucoin.net/coin/romania-25-bani-1982/?tid=20219,25,,24,1.3,1.3
4f5c0ae0-50c3-4cc7-9b71-abde780d3f0a,5d48ccb9-98e2-439d-a47d-e4acb59c9f47,8734e197-5655-422b-968e-f02b792c9d32,08c0f8ac-ee32-459a-bed3-39f05ee86b32,VERY_GOOD,2003,22.199999999999999,,https://ro.ucoin.net/coin/romania-1000-lei-2000-2005/?tid=18801,1000,(2000-2004),16,2,2.1000000000000001
15bd678c-7d3b-473d-b98c-91011c82cd90,5d48ccb9-98e2-439d-a47d-e4acb59c9f47,8734e197-5655-422b-968e-f02b792c9d32,7505b828-a1dd-4b6e-bc48-ac72a34cad24,VERY_GOOD,1975,19.5,,https://ro.ucoin.net/coin/romania-15-bani-1975/?tid=20217,15,,1,1,1.3999999999999999
81d4d893-2030-4831-9871-912e6686e615,5d48ccb9-98e2-439d-a47d-e4acb59c9f47,577f19a6-0e57-4ffb-a9f7-611b66bb15eb,7505b828-a1dd-4b6e-bc48-ac72a34cad24,VERY_GOOD,1966,19.5,,https://ro.ucoin.net/coin/romania-15-bani-1966/?tid=20216,15,,2,2.8799999999999999,1.3999999999999999
d5de4f43-d9ca-42ff-b15a-a728fbdc2b89,5d48ccb9-98e2-439d-a47d-e4acb59c9f47,8734e197-5655-422b-968e-f02b792c9d32,08c0f8ac-ee32-459a-bed3-39f05ee86b32,VERY_GOOD,1951,18,,https://ro.ucoin.net/coin/romania-2-lei-1951-1952/?tid=20247,2,,1,0.83999999999999997,1.3999999999999999
d287b045-cde6-45dc-9bb3-e356341537f7,5d48ccb9-98e2-439d-a47d-e4acb59c9f47,8734e197-5655-422b-968e-f02b792c9d32,7505b828-a1dd-4b6e-bc48-ac72a34cad24,VERY_GOOD,2006,16.600000000000001,,https://ro.ucoin.net/coin/moldova-10-bani-1995-2020/?tid=14495,10,(1997-2016),14,0.83999999999999997,1.6299999999999999
f504b366-ba6a-4bc5-881a-d759214d48fe,5d48ccb9-98e2-439d-a47d-e4acb59c9f47,8734e197-5655-422b-968e-f02b792c9d32,08c0f8ac-ee32-459a-bed3-39f05ee86b32,VERY_GOOD,1951,16,,https://ro.ucoin.net/coin/romania-1-leu-1951-1952/?tid=20144,1,,1,0.59999999999999998,1.3
4fefbbc8-0944-414d-a566-5a4547b61412,5d48ccb9-98e2-439d-a47d-e4acb59c9f47,59fff65e-0fb6-43d2-be0f-fb40238a608f,7505b828-a1dd-4b6e-bc48-ac72a34cad24,VERY_GOOD,2016,23.75,Iancu de Hunedoara,https://ro.ucoin.net/coin/romania-50-bani-2016/?tid=57202,50,,8,6.0999999999999996,1.8999999999999999
936a436c-092b-4a9c-84ae-b83f1e5e1c3b,5d48ccb9-98e2-439d-a47d-e4acb59c9f47,59fff65e-0fb6-43d2-be0f-fb40238a608f,7505b828-a1dd-4b6e-bc48-ac72a34cad24,VERY_GOOD,2019,23.75,Revolutia de la 1989,https://ro.ucoin.net/coin/romania-50-bani-2019/?tid=90378,50,,9,6.0999999999999996,1.8999999999999999
60f42faa-9021-474a-9f2c-91db8d2b9edb,5d48ccb9-98e2-439d-a47d-e4acb59c9f47,8fa498a9-20d7-4ca2-afe0-0c975dd85cce,7505b828-a1dd-4b6e-bc48-ac72a34cad24,VERY_GOOD,2019,23.75,Regina Maria,https://ro.ucoin.net/coin/romania-50-bani-2019/?tid=89215,50,,9,6.0999999999999996,1.8999999999999999
b922d9ef-ca16-4bfd-96da-6426846ba4d1,5d48ccb9-98e2-439d-a47d-e4acb59c9f47,8fa498a9-20d7-4ca2-afe0-0c975dd85cce,7505b828-a1dd-4b6e-bc48-ac72a34cad24,VERY_GOOD,2019,23.75,Ferdinand I,https://ro.ucoin.net/coin/romania-50-bani-2019/?tid=87174,50,,8,6.0999999999999996,1.8999999999999999
321079e2-2eb2-46d1-9149-b855357b5085,5d48ccb9-98e2-439d-a47d-e4acb59c9f47,59fff65e-0fb6-43d2-be0f-fb40238a608f,7505b828-a1dd-4b6e-bc48-ac72a34cad24,VERY_GOOD,2012,23.75,Neagoe Basarab,https://ro.ucoin.net/coin/romania-50-bani-2012-2014/?tid=16151,50,,5,6.0999999999999996,1.8999999999999999
dc843a0d-b9c2-4ab6-abcc-42eb6c5930d2,5d48ccb9-98e2-439d-a47d-e4acb59c9f47,59fff65e-0fb6-43d2-be0f-fb40238a608f,7505b828-a1dd-4b6e-bc48-ac72a34cad24,VERY_GOOD,2011,23.75,Mircea cel Batran,https://ro.ucoin.net/coin/romania-50-bani-2011-2016/?tid=14400,50,,16,6.0999999999999996,1.8999999999999999
51a947b9-e7f1-488c-b978-857adc1cea7d,5d48ccb9-98e2-439d-a47d-e4acb59c9f47,8734e197-5655-422b-968e-f02b792c9d32,7505b828-a1dd-4b6e-bc48-ac72a34cad24,VERY_GOOD,2016,16,,https://ro.ucoin.net/coin/moldova-5-bani-1993-2021/?tid=14481,5,(2006-2017),6,0.78000000000000003,1.7
7687b86e-3542-43e6-bab6-b99f690861ad,5d48ccb9-98e2-439d-a47d-e4acb59c9f47,8734e197-5655-422b-968e-f02b792c9d32,7505b828-a1dd-4b6e-bc48-ac72a34cad24,VERY_GOOD,2010,17.5,,https://ro.ucoin.net/coin/moldova-25-bani-1993-2020/?tid=14511,25,(2003-2017),17,0.92000000000000004,1.7
100f8003-a279-41b4-bc1f-febe740bed5d,5d48ccb9-98e2-439d-a47d-e4acb59c9f47,59fff65e-0fb6-43d2-be0f-fb40238a608f,7505b828-a1dd-4b6e-bc48-ac72a34cad24,VERY_GOOD,2014,23.75,Vladislav I Vlaicu,https://ro.ucoin.net/coin/romania-50-bani-2014/?tid=35069,50,,6,6.0999999999999996,1.8999999999999999
b3c9caf1-258e-424f-884d-9479166c30c9,5d48ccb9-98e2-439d-a47d-e4acb59c9f47,59fff65e-0fb6-43d2-be0f-fb40238a608f,7505b828-a1dd-4b6e-bc48-ac72a34cad24,VERY_GOOD,2010,23.75,Aurel Vlaicu,https://ro.ucoin.net/coin/romania-50-bani-2010-2016/?tid=14374,50,,3,6.0999999999999996,1.8999999999999999
83157302-f64f-449d-8dc5-c656109fc910,5d48ccb9-98e2-439d-a47d-e4acb59c9f47,577f19a6-0e57-4ffb-a9f7-611b66bb15eb,08c0f8ac-ee32-459a-bed3-39f05ee86b32,VERY_GOOD,2018,21.5,,https://ro.ucoin.net/coin/moldova-1-leu-2018-2020/?tid=75991,1,,1,4.4500000000000002,1.8
ccdb595b-524f-4953-ae5e-b2e862c1c41a,5d48ccb9-98e2-439d-a47d-e4acb59c9f47,59fff65e-0fb6-43d2-be0f-fb40238a608f,7505b828-a1dd-4b6e-bc48-ac72a34cad24,VERY_GOOD,2017,23.75,10 ani de la aderarea la UE,https://ro.ucoin.net/coin/romania-50-bani-2017/?tid=71964,50,,9,6.0999999999999996,1.8999999999999999
986b4176-be57-4918-8330-f6deaa75d9f7,5d48ccb9-98e2-439d-a47d-e4acb59c9f47,59fff65e-0fb6-43d2-be0f-fb40238a608f,7505b828-a1dd-4b6e-bc48-ac72a34cad24,VERY_GOOD,2015,23.75,10 ani de la denominarea monedei nationale,https://ro.ucoin.net/coin/romania-50-bani-2015/?tid=49489,50,,4,6.0999999999999996,1.8999999999999999
7ca1d543-522e-4b19-bcf2-78589d3cb359,5d48ccb9-98e2-439d-a47d-e4acb59c9f47,e969bd11-8079-4df9-8f13-8546ca042923,7505b828-a1dd-4b6e-bc48-ac72a34cad24,VERY_GOOD,2008,19,,https://ro.ucoin.net/coin/moldova-50-bani-1997-2008/?tid=14525,50,,1,3.1000000000000001,1.8
f9a3513c-b532-4d69-bfc3-f0ecba399f57,5d48ccb9-98e2-439d-a47d-e4acb59c9f47,e25dd592-4d39-42f3-b676-ae5e4604f1eb,f77a7dd1-15b7-4d46-bac9-3b8184dd6443,VERY_GOOD,2024,35,Peles Sinaia Romania - Regele Carol I - Regina Elisabeta,,0,,1,10.77,0.20000000000000001
2bf08047-aefe-4963-93b6-9bbfc972c875,5d48ccb9-98e2-439d-a47d-e4acb59c9f47,e25dd592-4d39-42f3-b676-ae5e4604f1eb,f77a7dd1-15b7-4d46-bac9-3b8184dd6443,VERY_GOOD,2024,35,Pelisor Sinaia Romania - Regele Ferdinand I - Regina Maria,,0,,1,10.93,0.20000000000000001
f8b594d7-0688-48dd-a03d-de254645848d,5d48ccb9-98e2-439d-a47d-e4acb59c9f47,8fa498a9-20d7-4ca2-afe0-0c975dd85cce,08c0f8ac-ee32-459a-bed3-39f05ee86b32,VERY_GOOD,1947,27,usor murdara,https://ro.ucoin.net/coin/romania-10000-lei-1947/?cid=38341,10000,,1,10,1.5
c0314262-4bca-4295-9989-24ef42020807,5d48ccb9-98e2-439d-a47d-e4acb59c9f47,1c378483-96de-4276-b2cd-6dcefee47897,a20c0bf5-08a9-4227-8f83-af6077a783e2,VERY_GOOD,1984,26,anul 5744,https://ro.ucoin.net/coin/israel-10-sheqalim-1984/?tid=23842,10,5744,1,8,2
1984edfa-3fee-4c87-9505-634d4dbe161f,5d48ccb9-98e2-439d-a47d-e4acb59c9f47,8734e197-5655-422b-968e-f02b792c9d32,7c7e3c9f-4b22-4d8f-9c1a-5e8b7d3f2c54,VERY_GOOD,1988,21,,https://ro.ucoin.net/coin/china-2-fen-1988/?cid=5845,2,,1,1.0800000000000001,1.6000000000000001
d78a4bb5-3c6d-49a8-bb4f-11bac3549973,5d48ccb9-98e2-439d-a47d-e4acb59c9f47,bff9efaa-d39d-45af-84a2-e9344df3a003,66c327bb-b0e8-4692-877d-8a047752eaff,VERY_GOOD,2000,18.27,,https://ro.ucoin.net/coin/kazakhstan-20-tenge-1997-2012/?tid=14141,20,2000-2006,3,2.8999999999999999,1.6000000000000001
e3047736-1703-4913-9ce2-bd422307c63d,5d48ccb9-98e2-439d-a47d-e4acb59c9f47,7cf0f493-5eb9-40f8-8d42-afe8f8894167,13bc64de-13c6-4dc5-8387-7e12001b476c,VERY_GOOD,2016,23.850000000000001,,https://ro.ucoin.net/coin/turkey-50-kurus-2009-2021/?tid=5700,50,,1,6.7999999999999998,1.8999999999999999
4311f3c2-4d62-4ba1-9e10-324e48d7ee6a,5d48ccb9-98e2-439d-a47d-e4acb59c9f47,bff9efaa-d39d-45af-84a2-e9344df3a003,0f3a9c2e-8b11-4d7f-9c1e-7a3d8f5b6c01,VERY_GOOD,1727,11.5,vezi [local] + anii reali 1727-1733,https://ro.ucoin.net/coin/china_empire-1-cash-1723/?tid=95988,1,1733,1,0.26000000000000001,0.5
3242a7ad-b334-4aef-83ee-b402e4edaa5c,5d48ccb9-98e2-439d-a47d-e4acb59c9f47,bff9efaa-d39d-45af-84a2-e9344df3a003,0f3a9c2e-8b11-4d7f-9c1e-7a3d8f5b6c01,VERY_GOOD,1796,11.5,vezi [local],https://ro.ucoin.net/coin/china_empire-1-cash-1796/?tid=95726,1,,1,0.25,0.5
9950e11c-a18e-4467-a6fb-13b2333d6aa6,5d48ccb9-98e2-439d-a47d-e4acb59c9f47,bff9efaa-d39d-45af-84a2-e9344df3a003,0f3a9c2e-8b11-4d7f-9c1e-7a3d8f5b6c01,VERY_GOOD,1713,11.5,vezi [local],https://en.wikipedia.org/wiki/Kangxi_Tongbao#Commemorative_issues,1,,2,0.25,0.5
9cb29abc-ad5b-4012-8e91-7ad56e15808d,5d48ccb9-98e2-439d-a47d-e4acb59c9f47,bff9efaa-d39d-45af-84a2-e9344df3a003,0f3a9c2e-8b11-4d7f-9c1e-7a3d8f5b6c01,VERY_GOOD,1644,11.5,vezi [local],https://ro.ucoin.net/coin/china_empire-1-cash-1644/?tid=95881,1,,1,0.25,0.5
8683fd94-6e51-456e-81d1-198bc644b663,5d48ccb9-98e2-439d-a47d-e4acb59c9f47,bff9efaa-d39d-45af-84a2-e9344df3a003,0f3a9c2e-8b11-4d7f-9c1e-7a3d8f5b6c01,VERY_GOOD,1875,11.5,vezi [local],https://ro.ucoin.net/coin/china_empire-1-cash-1875/?tid=96111,1,(1887-1898),1,0.25,0.5
9f81f146-8da6-4faf-99d0-3cd5c37f2fcb,5d48ccb9-98e2-439d-a47d-e4acb59c9f47,bff9efaa-d39d-45af-84a2-e9344df3a003,0f3a9c2e-8b11-4d7f-9c1e-7a3d8f5b6c01,VERY_GOOD,1736,11.5,vezi [local],https://ro.ucoin.net/coin/china_empire-1-cash-1736/?tid=96032,1,(1782-1795),3,0.25,0.5
f0af58f1-76cb-4701-9f31-0522ceb42f90,5d48ccb9-98e2-439d-a47d-e4acb59c9f47,3a508af0-5cdc-4e5d-aefe-8491cc1e7538,66c327bb-b0e8-4692-877d-8a047752eaff,VERY_GOOD,2004,24.5,,https://ro.ucoin.net/coin/kazakhstan-100-tenge-2002-2007/?tid=14153,100,2002,2,6.6500000000000004,1.95
b9f4bfe9-ce08-49e6-8c81-1a1affd83dd3,5d48ccb9-98e2-439d-a47d-e4acb59c9f47,bff9efaa-d39d-45af-84a2-e9344df3a003,c3b8b83a-31b2-4bca-9a8c-362904a65384,VERY_GOOD,1989,22,de pe vremea lui Akihito Heisei,https://ro.ucoin.net/coin/japan-5-yen-1989-2019/?tid=2212,5,2018,2,3.75,1.5
33ad79ec-0249-4d6b-8b7d-3e2910647ad5,5d48ccb9-98e2-439d-a47d-e4acb59c9f47,bff9efaa-d39d-45af-84a2-e9344df3a003,c3b8b83a-31b2-4bca-9a8c-362904a65384,VERY_GOOD,1973,22,de pe vremea lui Hirohito Showa,https://ro.ucoin.net/coin/japan-5-yen-1959-1989/?tid=2344,5,,1,3.75,1.5
56315dd0-3d9e-435c-b0f4-73811d620754,5d48ccb9-98e2-439d-a47d-e4acb59c9f47,577f19a6-0e57-4ffb-a9f7-611b66bb15eb,b3fbd662-b591-4401-bc61-bb2990eea07d,VERY_GOOD,2010,24.149999999999999,,https://ro.ucoin.net/coin/indonesia-1000-rupiah-2010/?tid=25135,1000,,1,4.5,1.6000000000000001
8783f986-b9c6-4f60-91ef-a1516cb50e19,5d48ccb9-98e2-439d-a47d-e4acb59c9f47,e78b342c-29c1-4407-be38-860adbc885bd,e9e0127a-271f-4d77-8ee7-fa4c13a6b399,VERY_GOOD,2016,23,,https://ro.ucoin.net/coin/iran-1000-rials-2012-2017/?tid=29273,1000,1390,1,4.5999999999999996,1.6100000000000001
4544593e-91fb-4d19-9c44-68ef30cc23aa,5d48ccb9-98e2-439d-a47d-e4acb59c9f47,2ec1702b-2625-41ae-b214-0845913dbd47,c3b8b83a-31b2-4bca-9a8c-362904a65384,VERY_GOOD,1999,23.5,Akihito,https://ro.ucoin.net/coin/japan-10-yen-1989-2019/?tid=2213,10,2008,3,4.5,1.5
caa2db83-8ab9-487c-a539-f025ed100fbc,5d48ccb9-98e2-439d-a47d-e4acb59c9f47,2ec1702b-2625-41ae-b214-0845913dbd47,c3b8b83a-31b2-4bca-9a8c-362904a65384,VERY_GOOD,1979,23.5,Akihito,https://ro.ucoin.net/coin/japan-10-yen-1959-1989/?tid=2361,10,1965,2,4.5,1.5
70d9af2a-d11c-4350-96ec-6f0ebad55cb0,5d48ccb9-98e2-439d-a47d-e4acb59c9f47,8734e197-5655-422b-968e-f02b792c9d32,7c7e3c9f-4b22-4d8f-9c1a-5e8b7d3f2c54,VERY_GOOD,1989,24,,https://ro.ucoin.net/coin/china-5-fen-1955-2000/?tid=5858,5,,1,1.6000000000000001,1.5
5fa9f186-8a71-4250-beb8-81040cac6c43,5d48ccb9-98e2-439d-a47d-e4acb59c9f47,8734e197-5655-422b-968e-f02b792c9d32,7c7e3c9f-4b22-4d8f-9c1a-5e8b7d3f2c54,VERY_GOOD,1987,18,,https://ro.ucoin.net/coin/china-1-fen-1955-2018/?tid=5784,1,,1,0.67000000000000004,1.3
3d26e44e-0008-4648-ad2c-070d9f409aa1,5d48ccb9-98e2-439d-a47d-e4acb59c9f47,8734e197-5655-422b-968e-f02b792c9d32,c3b8b83a-31b2-4bca-9a8c-362904a65384,VERY_GOOD,1993,20,Akihito,https://ro.ucoin.net/coin/japan-1-yen-1989-2019/?tid=2211,1,1994 - 1997,2,1,1.2
7e5ce12c-4894-4691-be19-38cbd5ac0995,5d48ccb9-98e2-439d-a47d-e4acb59c9f47,8734e197-5655-422b-968e-f02b792c9d32,c3b8b83a-31b2-4bca-9a8c-362904a65384,VERY_GOOD,1988,20,Hirohito,https://ro.ucoin.net/coin/japan-1-yen-1955-1989/?tid=2324,1,1979 - 1987,1,1,1.2
de6070ef-b828-48bb-9345-8b8f299a4fc0,5d48ccb9-98e2-439d-a47d-e4acb59c9f47,1c378483-96de-4276-b2cd-6dcefee47897,f01e6f7a-0a58-4966-a2e8-e7dd7578539b,VERY_GOOD,2003,24,35th anniversary of UAE Bank,https://ro.ucoin.net/coin/united_arab_emirates-1-dirham-2003/?tid=4926,1,,1,6.5,2
85a2ece3-7cfb-4177-884d-38fc00f11c23,5d48ccb9-98e2-439d-a47d-e4acb59c9f47,1c378483-96de-4276-b2cd-6dcefee47897,f01e6f7a-0a58-4966-a2e8-e7dd7578539b,VERY_GOOD,1998,24,,https://ro.ucoin.net/coin/united_arab_emirates-1-dirham-1995-2007/?tid=2567,1,,2,6.5,2
48bfb7cb-956b-435c-8f90-ef7b351e3fd8,5d48ccb9-98e2-439d-a47d-e4acb59c9f47,1c378483-96de-4276-b2cd-6dcefee47897,f01e6f7a-0a58-4966-a2e8-e7dd7578539b,VERY_GOOD,1984,28,,https://ro.ucoin.net/coin/united_arab_emirates-1-dirham-1973-1989/?tid=2560,1,,1,11.199999999999999,2.2999999999999998
2a5c1dde-0b25-48b7-8162-1a15e156c59c,5d48ccb9-98e2-439d-a47d-e4acb59c9f47,1c378483-96de-4276-b2cd-6dcefee47897,1d7e3c9f-4b22-4d8f-9c1a-5e8b7d3f2c21,VERY_GOOD,1998,20,,https://ro.ucoin.net/coin/united_arab_emirates-25-fils-1973-2011/?tid=2580,25,,1,3.5499999999999998,1.7
47b86e86-8fa4-48fc-8226-f2dd783d38be,5d48ccb9-98e2-439d-a47d-e4acb59c9f47,1c378483-96de-4276-b2cd-6dcefee47897,1d7e3c9f-4b22-4d8f-9c1a-5e8b7d3f2c21,VERY_GOOD,1998,21,,https://ro.ucoin.net/coin/united_arab_emirates-50-fils-1995-2007/?tid=2571,50,,1,4.4000000000000004,1.7
7e69c274-522b-481a-803a-34c3bdb3c269,5d48ccb9-98e2-439d-a47d-e4acb59c9f47,2ec1702b-2625-41ae-b214-0845913dbd47,b3fbd662-b591-4401-bc61-bb2990eea07d,VERY_GOOD,2004,20,,https://ro.ucoin.net/coin/pakistan-1-rupee-1998-2006/?tid=34253,1,,1,4,1.75
7d7df5f9-de84-41ee-a455-7c163a428cb2,5d48ccb9-98e2-439d-a47d-e4acb59c9f47,85ddbf78-451d-45fa-ae6c-d1200308bca8,b3fbd662-b591-4401-bc61-bb2990eea07d,VERY_GOOD,2002,22.5,,https://ro.ucoin.net/coin/pakistan-2-rupees-1999-2006/?tid=34261,2,,1,5,2
0c5e397f-775f-4001-bee2-8678dd62dfc7,5d48ccb9-98e2-439d-a47d-e4acb59c9f47,1c378483-96de-4276-b2cd-6dcefee47897,7c7e3c9f-4b22-4d8f-9c1a-5e8b7d3f2c54,VERY_GOOD,1996,21.100000000000001,,https://ro.ucoin.net/coin/pakistan-50-paisa-1981-1996/?tid=34201,50,,1,4,1.6000000000000001
7e09f295-1e8e-4084-a763-dff6b9c2db7c,5d48ccb9-98e2-439d-a47d-e4acb59c9f47,1c378483-96de-4276-b2cd-6dcefee47897,b3fbd662-b591-4401-bc61-bb2990eea07d,VERY_GOOD,1988,26.5,,https://ro.ucoin.net/coin/pakistan-1-rupee-1979-1981/?tid=34241,1,,1,6.5,1.8
a141a618-044c-4b6f-ad22-09d553ee450a,5d48ccb9-98e2-439d-a47d-e4acb59c9f47,59fff65e-0fb6-43d2-be0f-fb40238a608f,5d7e3c9f-4b22-4d8f-9c1a-5e8b7d3f2c43,VERY_GOOD,2003,27,,https://ro.ucoin.net/coin/philippines-5-piso-1995-2017/?tid=18962,5,,2,7.7000000000000002,1.8700000000000001
d32717aa-a17b-4776-abb9-afc7af7f2856,5d48ccb9-98e2-439d-a47d-e4acb59c9f47,577f19a6-0e57-4ffb-a9f7-611b66bb15eb,5d7e3c9f-4b22-4d8f-9c1a-5e8b7d3f2c43,VERY_GOOD,2003,24,murdar cu albastru pe spate,https://ro.ucoin.net/coin/philippines-1-piso-2003-2017/?tid=18952,1,,1,5.3499999999999996,2
7cac9f28-5b51-467b-ba5c-ad003a6192c2,5d48ccb9-98e2-439d-a47d-e4acb59c9f47,bff9efaa-d39d-45af-84a2-e9344df3a003,2e9f4c7a-1b55-4d8e-9f3c-7c1a5e8b9d06,VERY_GOOD,2002,20,,https://ro.ucoin.net/coin/philippines-25-sentimos-1995-2003/?tid=18925,25,,1,3.7999999999999998,1.5
d930dfc9-05c2-4288-8aa7-2717d3a4aa3c,5d48ccb9-98e2-439d-a47d-e4acb59c9f47,c1109634-1155-497f-930b-b22ba5856cc7,2e9f4c7a-1b55-4d8e-9f3c-7c1a5e8b9d06,VERY_GOOD,2002,17,,https://ro.ucoin.net/coin/philippines-10-sentimos-1995-2017/?tid=18910,10,,1,2.5,1.6699999999999999
9d5d8d66-e9a7-48f3-8f8f-837410007e1d,5d48ccb9-98e2-439d-a47d-e4acb59c9f47,1650e291-2528-421b-893b-9e69c3eba3ef,9778dd82-09a1-4624-b3a7-5ae866a5ad0b,VERY_GOOD,2020,22.649999999999999,,https://ro.ucoin.net/coin/malaysia-50-sen-2011-2022/?tid=21217,50,2021,2,5.6600000000000001,1.9199999999999999
f8a10431-98cc-43d0-bf0b-c636b470896f,5d48ccb9-98e2-439d-a47d-e4acb59c9f47,1c378483-96de-4276-b2cd-6dcefee47897,7c7e3c9f-4b22-4d8f-9c1a-5e8b7d3f2c54,VERY_GOOD,2005,27.75,,https://ro.ucoin.net/coin/malaysia-50-sen-1989-2011/?tid=21193,50,,1,9.3300000000000001,2.1800000000000002
3d0f1c7e-46f0-4426-8eef-6d45fd7c460a,5d48ccb9-98e2-439d-a47d-e4acb59c9f47,59fff65e-0fb6-43d2-be0f-fb40238a608f,7c7e3c9f-4b22-4d8f-9c1a-5e8b7d3f2c54,VERY_GOOD,2019,20.600000000000001,,https://ro.ucoin.net/coin/malaysia-20-sen-2011-2023/?tid=21175,20,,1,4.1799999999999997,1.75
86659a02-74c6-4a9d-b1a9-33b2d63e523e,5d48ccb9-98e2-439d-a47d-e4acb59c9f47,1c378483-96de-4276-b2cd-6dcefee47897,b3fbd662-b591-4401-bc61-bb2990eea07d,VERY_GOOD,2002,23,,https://ro.ucoin.net/coin/india-5-rupees-1992-2004/?tid=25620,5,,1,9,3
5b86b95f-fe99-4893-b049-a5afd792d296,5d48ccb9-98e2-439d-a47d-e4acb59c9f47,5291959a-0111-4533-9517-7a45949f812d,7c7e3c9f-4b22-4d8f-9c1a-5e8b7d3f2c54,VERY_GOOD,1988,19,,https://ro.ucoin.net/coin/india-25-paise-1988-2002/?tid=15643,25,,1,2.8300000000000001,1.55
eb10d45d-f231-4e9e-8bb2-150dd8cd442a,5d48ccb9-98e2-439d-a47d-e4acb59c9f47,5291959a-0111-4533-9517-7a45949f812d,1f3e1c7a-2b55-4d9f-8c1e-7a4d3f9b2e39,VERY_GOOD,1989,22,,https://ro.ucoin.net/coin/india-50-paise-1988-2007/?tid=15703,50,,1,3.79,1.45
a8602113-8e1e-430e-b4e3-26f78b38ad4d,5d48ccb9-98e2-439d-a47d-e4acb59c9f47,1c378483-96de-4276-b2cd-6dcefee47897,b3fbd662-b591-4401-bc61-bb2990eea07d,VERY_GOOD,2000,26,,https://ro.ucoin.net/coin/india-2-rupees-1992-2004/?tid=25236,2,1992-2001,3,6,1.71
e4280779-af26-4edc-8a80-b03b0f9c63d2,5d48ccb9-98e2-439d-a47d-e4acb59c9f47,1c378483-96de-4276-b2cd-6dcefee47897,b3fbd662-b591-4401-bc61-bb2990eea07d,VERY_GOOD,1985,26,usor mourdar,https://ro.ucoin.net/coin/india-1-rupee-1982-1990/?tid=15741,1,,1,6,1.47
30662340-1a03-40ce-ae90-7ad384c921ec,5d48ccb9-98e2-439d-a47d-e4acb59c9f47,5291959a-0111-4533-9517-7a45949f812d,b3fbd662-b591-4401-bc61-bb2990eea07d,VERY_GOOD,2001,25,una e ciudata,https://ro.ucoin.net/coin/india-1-rupee-1995-2004/?tid=15766,1,1996-2004,3,4.9000000000000004,1.3999999999999999
61c99401-8ab7-4c82-b594-2d8c4df6498a,5d48ccb9-98e2-439d-a47d-e4acb59c9f47,e78b342c-29c1-4407-be38-860adbc885bd,a20c0bf5-08a9-4227-8f83-af6077a783e2,VERY_GOOD,1999,26,,https://ro.ucoin.net/coin/israel-1-2-new-sheqel-1985-2017/?tid=9048,1/2,,1,6.5,1.6000000000000001
fd782bf0-760f-4387-acc8-63b3d115745f,5d48ccb9-98e2-439d-a47d-e4acb59c9f47,577f19a6-0e57-4ffb-a9f7-611b66bb15eb,a20c0bf5-08a9-4227-8f83-af6077a783e2,VERY_GOOD,2011,21.600000000000001,,https://ro.ucoin.net/coin/israel-2-new-sheqalim-2008-2017/?tid=9113,2,,1,5.7000000000000002,2.2999999999999998
07b90019-af71-4803-b7df-381ff7a8db1e,5d48ccb9-98e2-439d-a47d-e4acb59c9f47,1c378483-96de-4276-b2cd-6dcefee47897,a20c0bf5-08a9-4227-8f83-af6077a783e2,VERY_GOOD,1995,24,,https://ro.ucoin.net/coin/israel-5-new-sheqalim-1990-2017/?tid=9116,5,,1,8.1999999999999993,2.3999999999999999
2e77e531-6478-43f3-97e4-3e235578e4f1,5d48ccb9-98e2-439d-a47d-e4acb59c9f47,e78b342c-29c1-4407-be38-860adbc885bd,7f3b2c9e-1a44-4c8f-9f3a-2e9b7d4c1a01,VERY_GOOD,1994,22,,https://ro.ucoin.net/coin/israel-10-agorot-1985-2017/?tid=9021,10,,1,4,1.5
3c06f4ed-6352-4f9e-a1be-b1cbc41e4441,5d48ccb9-98e2-439d-a47d-e4acb59c9f47,bff9efaa-d39d-45af-84a2-e9344df3a003,66c327bb-b0e8-4692-877d-8a047752eaff,VERY_GOOD,2005,17.27,una e murdara rau,https://ro.ucoin.net/coin/kazakhstan-5-tenge-1997-2016/?tid=14123,5,,2,2.1800000000000002,1.3
a7befda5-24e6-42f2-892e-320770a2e815,5d48ccb9-98e2-439d-a47d-e4acb59c9f47,bff9efaa-d39d-45af-84a2-e9344df3a003,66c327bb-b0e8-4692-877d-8a047752eaff,VERY_GOOD,2005,16,,https://ro.ucoin.net/coin/kazakhstan-2-tenge-2005-2006/?tid=14119,2,2005,2,1.8400000000000001,1.3
49681768-e55a-428b-b0c5-2bd11aba8906,5d48ccb9-98e2-439d-a47d-e4acb59c9f47,bff9efaa-d39d-45af-84a2-e9344df3a003,66c327bb-b0e8-4692-877d-8a047752eaff,VERY_GOOD,1997,19.559999999999999,cam murdare,https://ro.ucoin.net/coin/kazakhstan-10-tenge-1997-2012/?tid=14132,10,2000,2,2.8100000000000001,1.3
453105c9-8d9d-4125-8e87-9df7df126312,5d48ccb9-98e2-439d-a47d-e4acb59c9f47,bff9efaa-d39d-45af-84a2-e9344df3a003,66c327bb-b0e8-4692-877d-8a047752eaff,VERY_GOOD,2002,23,,https://ro.ucoin.net/coin/kazakhstan-50-tenge-1997-2015/?tid=14154,50,2002,2,4.71,1.6000000000000001
194a2a96-9542-4755-a720-18fc07af3128,5d48ccb9-98e2-439d-a47d-e4acb59c9f47,5291959a-0111-4533-9517-7a45949f812d,b3fbd662-b591-4401-bc61-bb2990eea07d,VERY_GOOD,2013,26.399999999999999,,https://ro.ucoin.net/coin/sri_lanka-10-rupees-2013-2016/?tid=36806,10,,1,8.3599999999999994,2.3999999999999999
dc59dab4-3c0c-4d90-8b46-925bbf1744e4,5d48ccb9-98e2-439d-a47d-e4acb59c9f47,1c378483-96de-4276-b2cd-6dcefee47897,4b7e9c2f-8a33-4d1f-9c7a-3e1b8f5d7c04,VERY_GOOD,1967,28.5,murdara,https://ro.ucoin.net/coin/australia-20-cents-1967/?cid=13464,20,,1,11.300000000000001,2.5
c4366837-ac20-4492-aefc-00d99c569407,5d48ccb9-98e2-439d-a47d-e4acb59c9f47,e969bd11-8079-4df9-8f13-8546ca042923,5e1a9c3f-4b22-4d8f-9c1e-7a3d8f5b6c16,VERY_GOOD,1998,22.5,in curs de deteriorare,https://ro.ucoin.net/coin/hong_kong-50-cents-1993-2017/?tid=14547,50,,1,4.9199999999999999,1.72
1116ff34-868f-4c16-8ef7-c2421bfa6b23,5d48ccb9-98e2-439d-a47d-e4acb59c9f47,1c378483-96de-4276-b2cd-6dcefee47897,a0040b59-553f-4788-bdcd-a63cce7f5d66,VERY_GOOD,2015,25.5,,https://ro.ucoin.net/coin/hong_kong-1-dollar-1994-2019/?tid=14555,1,,1,7.0999999999999996,1.95
cfcf62ca-53ca-4297-9e4e-590bcd23fb3c,5d48ccb9-98e2-439d-a47d-e4acb59c9f47,1c378483-96de-4276-b2cd-6dcefee47897,a0040b59-553f-4788-bdcd-a63cce7f5d66,VERY_GOOD,2019,28,,https://ro.ucoin.net/coin/hong_kong-2-dollars-1993-2019/?tid=14561,2,,1,8.4000000000000004,2.0299999999999998
4b6c372a-568a-4dc6-87ef-20e088ecf10f,5d48ccb9-98e2-439d-a47d-e4acb59c9f47,577f19a6-0e57-4ffb-a9f7-611b66bb15eb,cbdfaa1b-d427-4ae4-8857-9c9db5018829,VERY_GOOD,2014,20,,https://ro.ucoin.net/coin/thailand-1-baht-2013/?cid=28642,1,2557,1,3,1.5
a52a09c6-a511-4afa-9936-caabb80a5bc9,5d48ccb9-98e2-439d-a47d-e4acb59c9f47,1c378483-96de-4276-b2cd-6dcefee47897,262ed374-b0c4-4e3a-881b-b1b46c005c55,VERY_GOOD,2006,23.620000000000001,a patit ceva overtime pentru ca e rosie,https://ro.ucoin.net/coin/new_zealand-10-cents-1999-2006/?tid=20859,10,,1,5.6600000000000001,1.6899999999999999
d72d533c-c46f-4701-97ed-bc8e2cd6d348,5d48ccb9-98e2-439d-a47d-e4acb59c9f47,1c378483-96de-4276-b2cd-6dcefee47897,88cdc546-502b-4c49-a95e-a7cdb2d69721,VERY_GOOD,2015,24,,https://ro.ucoin.net/coin/south_korea-100-won-1983-2020/?tid=15965,100,,1,5.4199999999999999,1.6000000000000001
bec90b4d-6b8d-4fd8-ad12-87a52bdde6ba,5d48ccb9-98e2-439d-a47d-e4acb59c9f47,5291959a-0111-4533-9517-7a45949f812d,b3fbd662-b591-4401-bc61-bb2990eea07d,VERY_GOOD,2017,26.399999999999999,,https://ro.ucoin.net/coin/sri_lanka-10-rupees-2017/?tid=81822,10,,1,6.4299999999999997,2
48bb62fb-45c6-49b4-8e92-dc1812a9bddd,5d48ccb9-98e2-439d-a47d-e4acb59c9f47,aa38d7db-f4ab-427e-9062-56f0db822ebf,88cdc546-502b-4c49-a95e-a7cdb2d69721,VERY_GOOD,1990,21.16,,https://ro.ucoin.net/coin/south_korea-50-won-1990/?cid=15941,50,,1,4.1600000000000001,1.52
11aa9d93-a1f7-4041-bf93-64d373e6c235,5d48ccb9-98e2-439d-a47d-e4acb59c9f47,1c378483-96de-4276-b2cd-6dcefee47897,c3b8b83a-31b2-4bca-9a8c-362904a65384,VERY_GOOD,1923,19.100000000000001,,https://ro.ucoin.net/coin/japan-5-sen-1920-1923/?tid=57897,5,,1,2.6299999999999999,1.3999999999999999
226b29c4-c06a-497f-a2db-bb749b25d6ae,5d48ccb9-98e2-439d-a47d-e4acb59c9f47,35a86bc2-c0a8-49e6-abf2-f244dc9475eb,152ad2dc-43e2-4261-99ec-725cdc62958a,VERY_GOOD,2016,27,,https://ro.ucoin.net/coin/botswana-2_pula-2013-2016/?tid=45653,2,,1,7.2999999999999998,2
3489e79e-e841-40cb-86dc-b9510e45e662,5d48ccb9-98e2-439d-a47d-e4acb59c9f47,577f19a6-0e57-4ffb-a9f7-611b66bb15eb,3c9f3e1a-2b55-4d9f-8c1e-7a4d3f9b2e17,VERY_GOOD,2013,24,,https://ro.ucoin.net/coin/botswana-50_thebe-2013/?tid=45138,50,,1,5.2999999999999998,1.8
27f16bd8-1f2c-4973-a3ae-6eee543aa1f9,5d48ccb9-98e2-439d-a47d-e4acb59c9f47,577f19a6-0e57-4ffb-a9f7-611b66bb15eb,7a9c3e1f-2d44-4b8f-9c1e-5e7a3d8f1b08,VERY_GOOD,2012,21.5,,https://ro.ucoin.net/coin/namibia-10-cents-1993-2012/?tid=46328,10,,1,3.3999999999999999,1.3
dc38f90f-f474-4198-a6b8-6522aaee2eb3,5d48ccb9-98e2-439d-a47d-e4acb59c9f47,bff9efaa-d39d-45af-84a2-e9344df3a003,a0040b59-553f-4788-bdcd-a63cce7f5d66,VERY_GOOD,2010,22.399999999999999,,https://ro.ucoin.net/coin/namibia-1-dollar-2010/?cid=46730,1,,1,5,1.8999999999999999
8372d2eb-cbd3-42f2-b025-390927017709,5d48ccb9-98e2-439d-a47d-e4acb59c9f47,e969bd11-8079-4df9-8f13-8546ca042923,152ad2dc-43e2-4261-99ec-725cdc62958a,VERY_GOOD,2013,26,In proces de deteriorare,https://ro.ucoin.net/coin/botswana-1_pula-2013-2016/?tid=45650,1,,1,7.7999999999999998,2.2999999999999998
2da1ff5b-40d3-4823-a513-6d21cc0be91b,5d48ccb9-98e2-439d-a47d-e4acb59c9f47,0e32cfc0-414c-4277-985b-bb934c76c5c8,f01e6f7a-0a58-4966-a2e8-e7dd7578539b,VERY_GOOD,2011,25,,https://ro.ucoin.net/coin/morocco-5-dirham-2011-2021/?tid=26198,5,1432,1,7.5,2
9d2ace17-de29-49bf-b448-ae8e8e70bfb4,5d48ccb9-98e2-439d-a47d-e4acb59c9f47,0b1e3f2f-d26c-4274-b901-2424a2cb7c47,d0993a85-c627-4ffa-ba68-28dba2e5d992,VERY_GOOD,2010,25,,https://ro.ucoin.net/coin/egypt-1-pound-2005-2023/?tid=5224,1,,1,8.5,2.5
29469926-ff08-47df-a161-1e0c68b4d3f8,5d48ccb9-98e2-439d-a47d-e4acb59c9f47,90d37468-792b-4281-87be-207a2582a630,433274c2-725d-4629-9f35-2de2951b2592,VERY_GOOD,1992,28.5,,https://ro.ucoin.net/coin/algeria-50-dinars-1992-2021/?tid=27753,50,1413,1,9.2699999999999996,2.2599999999999998
800f226a-3711-439f-9ed3-997b8fd44a30,5d48ccb9-98e2-439d-a47d-e4acb59c9f47,1c378483-96de-4276-b2cd-6dcefee47897,433274c2-725d-4629-9f35-2de2951b2592,VERY_GOOD,2007,24,,https://ro.ucoin.net/coin/tunisia-1-2-dinar-1996-2013/?tid=13822,1/2,1423,2,8.0999999999999996,2.2000000000000002
7687eed4-01e2-4203-8f75-d0daa99e9f38,5d48ccb9-98e2-439d-a47d-e4acb59c9f47,e969bd11-8079-4df9-8f13-8546ca042923,7c8e1f7a-2b44-4d9f-8c1e-7a5d3f9b2e36,VERY_GOOD,2012,21,,https://ro.ucoin.net/coin/zambia-50-ngwee-2012-2017/?tid=51595,50,,1,3.5,1.6000000000000001
3743656b-ab30-45fe-8630-ae80d5dc3942,5d48ccb9-98e2-439d-a47d-e4acb59c9f47,1c378483-96de-4276-b2cd-6dcefee47897,f01e6f7a-0a58-4966-a2e8-e7dd7578539b,VERY_GOOD,1987,21,,https://ro.ucoin.net/coin/morocco-1-2-dirham-1987/?tid=26121,1/2,1407,1,4,1.55
9c6643a4-5bcb-4df5-a8e9-2da9b3acf2a4,5d48ccb9-98e2-439d-a47d-e4acb59c9f47,bff9efaa-d39d-45af-84a2-e9344df3a003,6b7e9c2f-8a33-4d1f-9c7a-3e1b8f5d7c35,VERY_GOOD,1993,27,,https://ro.ucoin.net/coin/tunisia-100-millimes-1960-2018/?tid=13806,100,1414,1,7.5,1.8
26a58f2d-2b70-43c8-b86c-928ad64ac0f2,5d48ccb9-98e2-439d-a47d-e4acb59c9f47,e969bd11-8079-4df9-8f13-8546ca042923,4f1f9c3e-4b22-4d8f-9c1e-8e3d7b4f5c51,VERY_GOOD,2014,23,,https://ro.ucoin.net/coin/morocco-20-santimat-2011-2022/?tid=25896,20,1435,1,4,1.5
dc3673db-523c-4aba-8b64-bd0327b04065,5d48ccb9-98e2-439d-a47d-e4acb59c9f47,5291959a-0111-4533-9517-7a45949f812d,9c4e7a1f-3b55-4d8f-9e1a-7b3d2f8c5e12,VERY_GOOD,1991,21,,https://ro.ucoin.net/coin/brazil-5-cruzeiros-1990-1992/?tid=10663,5,,1,3.9700000000000002,1.3999999999999999
993a1f06-1b4b-4311-8402-749de3045ae8,5d48ccb9-98e2-439d-a47d-e4acb59c9f47,e78b342c-29c1-4407-be38-860adbc885bd,8c1f3e7a-2b44-4f9d-8c1e-7a3d9f2b6e05,VERY_GOOD,1992,18.199999999999999,,https://ro.ucoin.net/coin/argentina-10-centavos-1992-2006/?tid=10053,10,,1,2.25,1.3999999999999999
246a5b22-c0b3-4d92-b838-4be626a15468,5d48ccb9-98e2-439d-a47d-e4acb59c9f47,1c378483-96de-4276-b2cd-6dcefee47897,9234cca1-c059-4873-8969-e9dcd7d301a9,VERY_GOOD,1978,25.300000000000001,,https://ro.ucoin.net/coin/colombia-1-peso-1978/?cid=25679,1,,1,6.75,1.5
68aa12fb-6af7-4c11-9016-8613214612dc,5d48ccb9-98e2-439d-a47d-e4acb59c9f47,aab27a5e-9f50-452a-b062-d1a43f45746c,8f3e1c7a-2b55-4d9f-8c1e-7a4d3f9b2e10,VERY_GOOD,2000,19.050000000000001,monetarie Denver + una un pic murdara,https://ro.ucoin.net/coin/usa-1-cent-1983-2008/?tid=11498,1,1995,3,2.5,1.55
8bb04be3-51cf-4262-81a0-f69e2d507de1,5d48ccb9-98e2-439d-a47d-e4acb59c9f47,5291959a-0111-4533-9517-7a45949f812d,8c1f3e7a-2b44-4f9d-8c1e-7a3d9f2b6e05,VERY_GOOD,2009,17,,https://ro.ucoin.net/coin/mexico-50-centavos-2009-2023/?tid=10412,50,,1,3.1000000000000001,2.1499999999999999
19448213-6e2b-4236-acf2-a5a138ea0062,5d48ccb9-98e2-439d-a47d-e4acb59c9f47,aab27a5e-9f50-452a-b062-d1a43f45746c,9a1f9c3e-4b22-4d8f-9c1e-8e3d7b4f5c29,VERY_GOOD,1999,19,,https://ro.ucoin.net/coin/barbados-1-cent-1992-2007/?tid=27281,1,,1,2.5,1.5
c8c6193c-deb7-4f9e-8250-241059d41019,5d48ccb9-98e2-439d-a47d-e4acb59c9f47,d08277da-be8e-4f49-8b53-f0452850f269,1b3e1c7a-2b55-4d9f-8c1e-7a4d3f9b2e30,VERY_GOOD,1965,18.030000000000001,,https://ro.ucoin.net/coin/canada-10-cents-1965-1966/?tid=12298,10,,1,2.3300000000000001,1.22
0bd397a4-ac63-4e81-a6ca-94f75c62bfd0,5d48ccb9-98e2-439d-a47d-e4acb59c9f47,eeab63c4-18f6-42a5-a13a-2b86e4ef2afc,a0040b59-553f-4788-bdcd-a63cce7f5d66,VERY_GOOD,1989,24.260000000000002,monetarie Denver,https://ro.ucoin.net/coin/usa-1-4-dollar-1965-1998/?tid=11720,1/4,,1,5.6699999999999999,1.75
c5cd2978-a747-4ee2-8ca6-03dba33c8c13,5d48ccb9-98e2-439d-a47d-e4acb59c9f47,1c378483-96de-4276-b2cd-6dcefee47897,2c1f3e7a-2b44-4f9d-8c1e-7a3d9f2b6e31,VERY_GOOD,1995,21.210000000000001,,https://ro.ucoin.net/coin/usa-5-cents-1946-2003/?tid=11530,5,1997-1993-2000-1984,4,5,1.95
f1d76bad-bc4d-433e-a936-217eb499e2be,5d48ccb9-98e2-439d-a47d-e4acb59c9f47,eeab63c4-18f6-42a5-a13a-2b86e4ef2afc,2b7f9c3e-4a11-4d8f-9c2a-8e1d7b4f3c13,VERY_GOOD,2002,17.91,,https://ro.ucoin.net/coin/usa-1-dime-1965-2023/?tid=11650,1,1992-2000-2014-2019-1999,6,2.27,1.3
cac5e097-7499-4aaa-8325-d2e0c902f7b0,5d48ccb9-98e2-439d-a47d-e4acb59c9f47,59fff65e-0fb6-43d2-be0f-fb40238a608f,9234cca1-c059-4873-8969-e9dcd7d301a9,VERY_GOOD,1997,21,,https://ro.ucoin.net/coin/chile-10-pesos-1990-2021/?tid=11189,10,,1,3.5,1.3
88f5966a-4334-446f-bb1b-8975729f666a,5d48ccb9-98e2-439d-a47d-e4acb59c9f47,9c6bf37f-81d0-4fbd-8b0c-d5b81737dc73,a0040b59-553f-4788-bdcd-a63cce7f5d66,VERY_GOOD,1999,28,rugina deasupra cpaului reginei,https://ro.ucoin.net/coin/canada-2-dollars-1999/?tid=85776,2,,1,8.5199999999999996,1.8
bb888230-eaa1-4470-baef-46176e999f93,5d48ccb9-98e2-439d-a47d-e4acb59c9f47,8fa498a9-20d7-4ca2-afe0-0c975dd85cce,3d7e3c9f-4b22-4d8f-9c1a-5e8b7d3f2c32,VERY_GOOD,1980,19,una e oxidata si murdara,https://ro.ucoin.net/coin/usa-1-cent-1959-1982/?tid=11496,1,1982,2,3.1099999999999999,1.3
cf491b08-24af-47c0-a7bb-44bd260580c3,5d48ccb9-98e2-439d-a47d-e4acb59c9f47,aab27a5e-9f50-452a-b062-d1a43f45746c,4e9f4c7a-1b55-4d8e-9f3c-7c1a5e8b9d33,VERY_GOOD,2018,19.050000000000001,una e patata pe o parte idk,https://ro.ucoin.net/coin/usa-1-cent-2010-2023/?tid=11528,1,2017-2021,3,2.5,1.55
44a78236-0dcc-4847-abb2-b680cd06c60c,5d48ccb9-98e2-439d-a47d-e4acb59c9f47,eeab63c4-18f6-42a5-a13a-2b86e4ef2afc,a0040b59-553f-4788-bdcd-a63cce7f5d66,VERY_GOOD,2003,24.260000000000002,,https://ro.ucoin.net/coin/usa-1-4-dollar-2003/?tid=2121,1/4,,1,5.6699999999999999,1.75
769db61d-c602-4779-b076-94d40fce1853,5d48ccb9-98e2-439d-a47d-e4acb59c9f47,eeab63c4-18f6-42a5-a13a-2b86e4ef2afc,a0040b59-553f-4788-bdcd-a63cce7f5d66,VERY_GOOD,2001,24.260000000000002,,https://ro.ucoin.net/coin/usa-1-4-dollar-2001/?tid=2111,1/4,,1,5.6699999999999999,1.75
24bbf31d-df7c-4c20-ad78-8e0d7793be65,5d48ccb9-98e2-439d-a47d-e4acb59c9f47,eeab63c4-18f6-42a5-a13a-2b86e4ef2afc,a0040b59-553f-4788-bdcd-a63cce7f5d66,VERY_GOOD,2019,24.260000000000002,,https://ro.ucoin.net/coin/usa-1-4-dollar-2019/?tid=83194,1/4,,1,5.6699999999999999,1.75
90cf1820-f59a-43bb-a06f-920697eafba8,5d48ccb9-98e2-439d-a47d-e4acb59c9f47,eeab63c4-18f6-42a5-a13a-2b86e4ef2afc,a0040b59-553f-4788-bdcd-a63cce7f5d66,VERY_GOOD,2004,24.260000000000002,,https://ro.ucoin.net/coin/usa-1-4-dollar-2004/?tid=2126,1/4,,1,5.6699999999999999,1.75
ac641fc2-845c-425b-98fd-5530e5c80a0a,5d48ccb9-98e2-439d-a47d-e4acb59c9f47,eeab63c4-18f6-42a5-a13a-2b86e4ef2afc,a0040b59-553f-4788-bdcd-a63cce7f5d66,VERY_GOOD,2003,24.23,,https://ro.ucoin.net/coin/usa-1-4-dollar-2003/?tid=2120,1/4,,1,5.6699999999999999,1.75
f606f46a-1489-4db0-8d77-f3564bd432f9,5d48ccb9-98e2-439d-a47d-e4acb59c9f47,1c378483-96de-4276-b2cd-6dcefee47897,2e9f4c7a-1b55-4d8e-9f3c-7c1a5e8b9d06,VERY_GOOD,1993,21.149999999999999,,https://ro.ucoin.net/coin/panama-5-centesimos-2001-2008/?tid=26636,5,,1,5,1.95
c4e33b97-b86a-40d3-872a-d72bf51959c0,5d48ccb9-98e2-439d-a47d-e4acb59c9f47,3fcaa1a8-336b-4f4d-b47c-b2d01434ae13,aaf52bde-cbe4-4ec9-83e3-8a758fb1aa1e,VERY_GOOD,2019,26.5,,https://ro.ucoin.net/coin/panama-1-balboa-2019/?tid=81715,1,,1,7.2000000000000002,2
4e7fadc0-724e-4654-bc22-e204917fca98,5d48ccb9-98e2-439d-a47d-e4acb59c9f47,1c378483-96de-4276-b2cd-6dcefee47897,5c8e1f7a-2b44-4d9f-8c1e-7a5d3f9b2e25,VERY_GOOD,2013,21.210000000000001,,https://ro.ucoin.net/coin/usa-5-cents-2013/?cid=19456&vid=3967,5,2018,1,5,1.95
1aeef39c-acf3-4862-a103-24b9788dcde7,5d48ccb9-98e2-439d-a47d-e4acb59c9f47,eeab63c4-18f6-42a5-a13a-2b86e4ef2afc,a0040b59-553f-4788-bdcd-a63cce7f5d66,VERY_GOOD,2007,24.260000000000002,,https://ro.ucoin.net/coin/usa-1-4-dollar-2007/?tid=2137,1/4,,1,5.6699999999999999,1.75
26a46e34-9b92-4370-9a3d-0ae11ce0cbcd,5d48ccb9-98e2-439d-a47d-e4acb59c9f47,eeab63c4-18f6-42a5-a13a-2b86e4ef2afc,a0040b59-553f-4788-bdcd-a63cce7f5d66,VERY_GOOD,2000,24.260000000000002,,https://ro.ucoin.net/coin/usa-1-4-dollar-2000/?cid=2105,1/4,,1,5.6699999999999999,1.75
52c67a13-8ecc-4967-9b87-2b8a333540fb,5d48ccb9-98e2-439d-a47d-e4acb59c9f47,1c378483-96de-4276-b2cd-6dcefee47897,9e7a1c9e-4b22-4e8f-9d1a-8c4e7b3f2a56,VERY_GOOD,1980,30,,https://ro.ucoin.net/coin/peru-100-soles-1980-1982/?tid=22714,100,,1,11.699999999999999,2.2999999999999998
8c5a5699-e303-40d4-99f5-fe9728e05d43,5d48ccb9-98e2-439d-a47d-e4acb59c9f47,577f19a6-0e57-4ffb-a9f7-611b66bb15eb,6e1f9c3a-4b77-4d8e-9a2c-3f7b1e4d5c09,VERY_GOOD,1984,28.899999999999999,,https://ro.ucoin.net/coin/nicaragua-1-cordoba-1984-1985/?tid=36891,1,,1,8.8399999999999999,1.7
bb0baf27-c93b-406d-8509-688e99014098,5d48ccb9-98e2-439d-a47d-e4acb59c9f47,5291959a-0111-4533-9517-7a45949f812d,7a9c3e1f-2d44-4b8f-9c1e-5e7a3d8f1b08,VERY_GOOD,1954,29.199999999999999,,https://ro.ucoin.net/coin/costa_rica-1-colon-1954/?tid=19058,1,,1,8.9399999999999995,2.2000000000000002
9004516c-07dd-4069-a709-12a77f18230f,5d48ccb9-98e2-439d-a47d-e4acb59c9f47,c1109634-1155-497f-930b-b22ba5856cc7,2a1f9c3e-4b22-4d8f-9c1e-8e3d7b4f5c40,VERY_GOOD,2016,20.32,,https://ro.ucoin.net/coin/united_kingdom-1-penny-2015-2022/?tid=45470,1,2015,3,3.5600000000000001,1.6499999999999999
9b61e820-1112-4faf-a41c-363219a73311,5d48ccb9-98e2-439d-a47d-e4acb59c9f47,c1109634-1155-497f-930b-b22ba5856cc7,3b3e1c7a-2b55-4d9f-8c1e-7a4d3f9b2e41,VERY_GOOD,2005,20.32,,https://ro.ucoin.net/coin/united_kingdom-1-penny-1998-2008/?tid=1634,1,(1999-2006),4,3.5600000000000001,1.6499999999999999
c4e46448-0228-469f-a6bf-e071f5c668c4,5d48ccb9-98e2-439d-a47d-e4acb59c9f47,1c378483-96de-4276-b2cd-6dcefee47897,8d9f4c7a-1b55-4d8e-9f3c-7c1a5e8b9d55,VERY_GOOD,1948,28.399999999999999,,https://ro.ucoin.net/coin/united_kingdom-2-shillings-1947-1948/?tid=4579,2,,1,11.31,2.1000000000000001
9715d4c8-1988-444c-8465-503d3e7fdb87,5d48ccb9-98e2-439d-a47d-e4acb59c9f47,e78b342c-29c1-4407-be38-860adbc885bd,8f3e1c7a-2b55-4d9f-8c1e-7a4d3f9b2e10,VERY_GOOD,1962,23,deteriorata,https://ro.ucoin.net/coin/czechoslovakia-1-koruna-1962/?cid=4723,1,,1,4,1.6000000000000001
94e9ba2e-91c5-430d-94a0-37a8d2ebe143,5d48ccb9-98e2-439d-a47d-e4acb59c9f47,8734e197-5655-422b-968e-f02b792c9d32,8a7e9c2f-8a33-4d1f-9c7a-3e1b8f5d7c46,VERY_GOOD,1935,22,murdara + gaurita,https://ro.ucoin.net/coin/third_reich-50-reichspfennig-1935/?tid=12613,50,,1,1.3,1.5
0f3c858f-b575-4fde-9a4c-65f2c654e553,5d48ccb9-98e2-439d-a47d-e4acb59c9f47,aa38d7db-f4ab-427e-9062-56f0db822ebf,433274c2-725d-4629-9f35-2de2951b2592,VERY_GOOD,1972,24.5,,https://ro.ucoin.net/coin/yugoslavia-2-dinara-1971-1981/?tid=18110,2,,1,4.9000000000000004,1.5
f55b1375-5a82-4ffd-91a3-1ce87c0dcbc7,5d48ccb9-98e2-439d-a47d-e4acb59c9f47,1c378483-96de-4276-b2cd-6dcefee47897,2d1a9c3f-4b22-4d8f-9c1e-7a3d8f5b6c49,VERY_GOOD,1997,23,,https://ro.ucoin.net/coin/russia-2-rubles-1997-2001/?tid=2005,2,,1,5.0999999999999996,1.8
e5919b99-434a-44b9-bb42-746b09676d1e,5d48ccb9-98e2-439d-a47d-e4acb59c9f47,1c378483-96de-4276-b2cd-6dcefee47897,8d9f4c7a-1b55-4d8e-9f3c-7c1a5e8b9d55,VERY_GOOD,1948,23.59,,https://ro.ucoin.net/coin/united_kingdom-1-shilling-1947-1948/?tid=4564,1,,1,5.6600000000000001,1.7
eb2f768e-788c-40ca-aade-12f86ac9f1b0,5d48ccb9-98e2-439d-a47d-e4acb59c9f47,1c378483-96de-4276-b2cd-6dcefee47897,5c8e1f7a-2b44-4d9f-8c1e-7a5d3f9b2e25,VERY_GOOD,1907,18,murdara + gaurita,https://ro.ucoin.net/coin/germany-5-pfennig-1907/?cid=42782,5,,1,2.5,1.3
3e5f3305-32c8-4ceb-8129-b3dbd22b9f95,5d48ccb9-98e2-439d-a47d-e4acb59c9f47,6c05ac8a-e4dc-4292-8a12-bc54d475a7c9,8b3e1c7a-2b55-4d9f-8c1e-7a4d3f9b2e19,VERY_GOOD,2009,22.25,una e murdara,https://ro.ucoin.net/coin/austria-20-euro-cent-2002-2007/?tid=15,20,(2006-2016),3,5.7400000000000002,2.1400000000000001
94cfef3d-feda-4833-84a4-5fe76c9aa3a3,5d48ccb9-98e2-439d-a47d-e4acb59c9f47,6c05ac8a-e4dc-4292-8a12-bc54d475a7c9,8b3e1c7a-2b55-4d9f-8c1e-7a4d3f9b2e19,VERY_GOOD,2002,24.25,,https://ro.ucoin.net/coin/italy-50-euro-cent-2002-2007/?tid=503,50,,1,7.7999999999999998,2.3799999999999999
8e0154a6-ed20-44d3-b49c-553834c90a28,5d48ccb9-98e2-439d-a47d-e4acb59c9f47,e78b342c-29c1-4407-be38-860adbc885bd,8f3e1c7a-2b55-4d9f-8c1e-7a4d3f9b2e10,VERY_GOOD,1998,23.350000000000001,,https://ro.ucoin.net/coin/denmark-10-kroner-1994-1999/?tid=5640,10,,1,7,2.2999999999999998
a68b0563-f12c-41fb-b078-6b165bf07b51,5d48ccb9-98e2-439d-a47d-e4acb59c9f47,e78b342c-29c1-4407-be38-860adbc885bd,2e9f4c7a-1b55-4d8e-9f3c-7c1a5e8b9d06,VERY_GOOD,1998,20,,https://ro.ucoin.net/coin/france-10-centimes-1962-2001/?tid=6998,10,,2,3,1.5
448ad229-5dbe-43f5-a2d3-03853ec6c23b,5d48ccb9-98e2-439d-a47d-e4acb59c9f47,59fff65e-0fb6-43d2-be0f-fb40238a608f,3f7a1c9e-4b22-4e8f-9d1a-8c4e7b3f2a23,VERY_GOOD,2012,26.300000000000001,,https://ro.ucoin.net/coin/hungary-20-forint-2012-2021/?tid=14893,20,2015,2,6.9000000000000004,1.8999999999999999
78e0d8bb-60a1-4d0d-9bed-920c45a93e70,5d48ccb9-98e2-439d-a47d-e4acb59c9f47,1c378483-96de-4276-b2cd-6dcefee47897,8f3e1c7a-2b55-4d9f-8c1e-7a4d3f9b2e10,VERY_GOOD,1999,24.5,,https://ro.ucoin.net/coin/denmark-2-kroner-1992-2021/?tid=5602,2,1992-2008,7,5.9000000000000004,1.8
e5307121-a60b-4943-b596-a836fed5b9b5,5d48ccb9-98e2-439d-a47d-e4acb59c9f47,2ec1702b-2625-41ae-b214-0845913dbd47,7c7e3c9f-4b22-4d8f-9c1a-5e8b7d3f2c54,VERY_GOOD,1991,21.5,,https://ro.ucoin.net/coin/denmark-50-ore-1989-2021/?tid=5565,50,,5,4.2999999999999998,1.55
07c18755-df6f-48f4-a2bc-c531b08e887a,5d48ccb9-98e2-439d-a47d-e4acb59c9f47,43ab5e32-b241-4c39-82a6-780c6d4e36fb,9a1f9c3e-4b22-4d8f-9c1e-8e3d7b4f5c29,VERY_GOOD,1816,19.399999999999999,"foarte murdara, ca e verde abastruie",https://ro.ucoin.net/coin/austria-1-4-kreuzer-1816/?tid=71667,1/4,,1,2.1899999999999999,1.2
161948b8-de22-4144-ad55-d2a7210b8cee,5d48ccb9-98e2-439d-a47d-e4acb59c9f47,aa38d7db-f4ab-427e-9062-56f0db822ebf,1b3e1c7a-2b55-4d9f-8c1e-7a4d3f9b2e30,VERY_GOOD,2019,26.5,,https://ro.ucoin.net/coin/croatia-5-kuna-1993-2019/?tid=3725,5,,1,7.4500000000000002,1.8
ef91b44b-7f71-4ad2-923c-7ac8cf761dc9,5d48ccb9-98e2-439d-a47d-e4acb59c9f47,1c378483-96de-4276-b2cd-6dcefee47897,1a7e9c2f-8a33-4d1f-9c7a-3e1b8f5d7c57,VERY_GOOD,1999,20.5,,https://ro.ucoin.net/coin/bulgaria-20-stotinki-1999-2002/?tid=13151,20,,6,4,1.6899999999999999
d195de8e-35db-4146-add1-12f2c8b8ea45,5d48ccb9-98e2-439d-a47d-e4acb59c9f47,1c378483-96de-4276-b2cd-6dcefee47897,1a7e9c2f-8a33-4d1f-9c7a-3e1b8f5d7c57,VERY_GOOD,1999,18.5,,https://ro.ucoin.net/coin/bulgaria-10-stotinki-1999-2002/?tid=13149,10,,3,3,1.5
6980a186-4545-4507-ae58-8c423233d1ab,5d48ccb9-98e2-439d-a47d-e4acb59c9f47,5d550262-c6b0-4d76-b105-b3e93675e279,3f7a1c9e-4b22-4e8f-9d1a-8c4e7b3f2a23,VERY_GOOD,1994,27.399999999999999,,https://ro.ucoin.net/coin/hungary-50-forint-1992-2011/?tid=2730,50,1995,2,7.7000000000000002,1.7
9b067301-bc74-40d2-ac3a-5904513e2dc0,5d48ccb9-98e2-439d-a47d-e4acb59c9f47,5291959a-0111-4533-9517-7a45949f812d,4e9f4c7a-1b55-4d8e-9f3c-7c1a5e8b9d33,VERY_GOOD,1978,24.800000000000001,,https://ro.ucoin.net/coin/italy-50-lire-1954-1989/?tid=9567,50,,1,6.2000000000000002,2
30988477-425a-4633-9626-969ab027d684,5d48ccb9-98e2-439d-a47d-e4acb59c9f47,eeab63c4-18f6-42a5-a13a-2b86e4ef2afc,2d1a9c3f-4b22-4d8f-9c1e-7a3d8f5b6c49,VERY_GOOD,1997,25,,https://ro.ucoin.net/coin/russia-5-rubles-1997-1999/?tid=2006,5,,2,6.4500000000000002,1.8
c5c04edd-aeac-429f-9bb7-d86aacb43412,5d48ccb9-98e2-439d-a47d-e4acb59c9f47,bff9efaa-d39d-45af-84a2-e9344df3a003,3f7a1c9e-4b22-4e8f-9d1a-8c4e7b3f2a23,VERY_GOOD,1994,21.199999999999999,una e murdara,https://ro.ucoin.net/coin/hungary-5-forint-1992-2011/?tid=2682,5,1993,4,4.2000000000000002,1.3
5151d5a1-4981-4659-808d-53ed183b9fa0,5d48ccb9-98e2-439d-a47d-e4acb59c9f47,1c378483-96de-4276-b2cd-6dcefee47897,1a7e9c2f-8a33-4d1f-9c7a-3e1b8f5d7c57,VERY_GOOD,1999,22.5,,https://ro.ucoin.net/coin/bulgaria-50-stotinki-1999-2002/?tid=13153,50,,5,5,1.7
73f69e15-5281-4f24-9a95-620c17adc955,5d48ccb9-98e2-439d-a47d-e4acb59c9f47,26881eb4-2715-416e-b68d-d6559f5f5efe,b5e498c1-35b7-4785-a05a-3a02b01d6ea5,VERY_GOOD,2002,23.25,"in curs de deteriorare si e din zona Berlin (""A"")",https://ro.ucoin.net/coin/germany-1-euro-2021/?cid=158740,1,,2,7.5,2.3300000000000001
00839ca9-80fb-47d2-82a3-f985c6b6ab3e,5d48ccb9-98e2-439d-a47d-e4acb59c9f47,c1109634-1155-497f-930b-b22ba5856cc7,8b3e1c7a-2b55-4d9f-8c1e-7a4d3f9b2e19,VERY_GOOD,2009,18.75,una cam murdara,https://ro.ucoin.net/coin/austria-2-euro-cent-2002-2022/?tid=5,2,2008,2,3.0600000000000001,1.6699999999999999
c3b22f17-7b5c-4263-9b60-8a144f0e21cd,5d48ccb9-98e2-439d-a47d-e4acb59c9f47,c1109634-1155-497f-930b-b22ba5856cc7,5c8e1f7a-2b44-4d9f-8c1e-7a5d3f9b2e25,VERY_GOOD,1983,19.25,zona Munchen,https://ro.ucoin.net/coin/germany-2-pfennig-1968-2001/?tid=5249,2,,4,2.8999999999999999,1.52
4170ffc7-ddc1-48c1-868d-7647c75432b8,5d48ccb9-98e2-439d-a47d-e4acb59c9f47,c1109634-1155-497f-930b-b22ba5856cc7,8b3e1c7a-2b55-4d9f-8c1e-7a4d3f9b2e19,VERY_GOOD,2009,16.25,,https://ro.ucoin.net/coin/spain-1-euro-cent-1999-2009/?tid=386,1,(2007-2009),4,2.2999999999999998,1.6699999999999999
cf1f73d5-2ec9-4e22-90ec-d4ea70226982,5d48ccb9-98e2-439d-a47d-e4acb59c9f47,1c378483-96de-4276-b2cd-6dcefee47897,1c9f3e1a-3b55-4c8f-9d1e-8c2a7f4b5e48,VERY_GOOD,2009,21.050000000000001,,https://ro.ucoin.net/coin/switzerland-20-rappen-1939-2023/?tid=1102,20,1980,3,4,1.6499999999999999
eb556cfe-af3d-46e5-8da6-487caaeaad2d,5d48ccb9-98e2-439d-a47d-e4acb59c9f47,aa38d7db-f4ab-427e-9062-56f0db822ebf,1b3e1c7a-2b55-4d9f-8c1e-7a4d3f9b2e30,VERY_GOOD,1993,22.5,,https://ro.ucoin.net/coin/croatia-1-kuna-1993-2021/?tid=3690,1,1999-2007,3,5,1.7
fafa9147-b30e-46c2-8832-7ebe1a3f5f25,5d48ccb9-98e2-439d-a47d-e4acb59c9f47,d81ecd25-8c5c-4f5c-a5b6-919b30ed7a8f,4e9f4c7a-1b55-4d8e-9f3c-7c1a5e8b9d33,VERY_GOOD,1989,25.800000000000001,inversate fetele pe galben (centru),https://ro.ucoin.net/coin/italy-500-lire-1989/?cid=9739,500,,1,6.7999999999999998,1.8
2f5fced8-d182-4e90-90ba-43ef0becbf56,5d48ccb9-98e2-439d-a47d-e4acb59c9f47,2ec1702b-2625-41ae-b214-0845913dbd47,7c7e3c9f-4b22-4d8f-9c1a-5e8b7d3f2c54,VERY_GOOD,1990,17.5,,https://ro.ucoin.net/coin/denmark-25-ore-1990-2008/?tid=5545,25,2007,3,2.7999999999999998,1.55
b0b41072-1bd2-46a2-961b-c0e1a848158e,5d48ccb9-98e2-439d-a47d-e4acb59c9f47,e78b342c-29c1-4407-be38-860adbc885bd,5a3e1c7a-2b55-4d9f-8c1e-7a4d3f9b2e52,VERY_GOOD,1987,22.5,una e murdara,https://ro.ucoin.net/coin/austria-1-schilling-1959-2001/?tid=7587,1,1991,2,4.2000000000000002,1.7
6ea93445-eb87-4caa-9712-dd97863183c1,5d48ccb9-98e2-439d-a47d-e4acb59c9f47,aa38d7db-f4ab-427e-9062-56f0db822ebf,1b3e1c7a-2b55-4d9f-8c1e-7a4d3f9b2e30,VERY_GOOD,2005,24.5,,https://ro.ucoin.net/coin/croatia-2-kune-1993-2019/?tid=3707,2,2017,2,6.2000000000000002,1.75
b07c9a8f-a537-4ee0-a4f7-b036f7d6783b,5d48ccb9-98e2-439d-a47d-e4acb59c9f47,577f19a6-0e57-4ffb-a9f7-611b66bb15eb,8f3e1c7a-2b55-4d9f-8c1e-7a4d3f9b2e10,VERY_GOOD,1993,23,,https://ro.ucoin.net/coin/czech_republic-5-korun-1993-2021/?tid=3326,5,,2,4.7999999999999998,1.8500000000000001
dae1a570-f2c8-40ee-bd50-8b416a113fbc,5d48ccb9-98e2-439d-a47d-e4acb59c9f47,577f19a6-0e57-4ffb-a9f7-611b66bb15eb,8f3e1c7a-2b55-4d9f-8c1e-7a4d3f9b2e10,VERY_GOOD,2002,20,,https://ro.ucoin.net/coin/czech_republic-1-koruna-1993-2021/?tid=3293,1,(1994-2019),8,3.6000000000000001,1.8500000000000001
53153378-90d0-492a-9df4-c5a3bcfe0079,5d48ccb9-98e2-439d-a47d-e4acb59c9f47,577f19a6-0e57-4ffb-a9f7-611b66bb15eb,2a1f9c3e-4b22-4d8f-9c1e-8e3d7b4f5c40,VERY_GOOD,2015,18,,https://ro.ucoin.net/coin/united_kingdom-5-pence-2015-2021/?tid=45472,5,2017,2,3.25,1.7
9dddcfff-bbf7-468e-abc1-03da886f3fe3,5d48ccb9-98e2-439d-a47d-e4acb59c9f47,d1d5b5ad-1892-4191-ae81-c8298d4eb6ba,b5e498c1-35b7-4785-a05a-3a02b01d6ea5,VERY_GOOD,2002,25.75,"semn monetarie ""F""",https://ro.ucoin.net/coin/germany-2-euro-2002-2006/?tid=200,2,,1,8.5,2.2000000000000002
0439208d-2a04-47c3-8b22-ab97d69dedc1,5d48ccb9-98e2-439d-a47d-e4acb59c9f47,1c378483-96de-4276-b2cd-6dcefee47897,3f7a1c9e-4b22-4e8f-9d1a-8c4e7b3f2a23,VERY_GOOD,1984,26.800000000000001,usor murdara,https://ro.ucoin.net/coin/hungary-20-forint-1984/?cid=3079,20,,1,7.0499999999999998,1.8
78f2e252-ab69-46e0-a74f-4c8ea8ca1b6a,5d48ccb9-98e2-439d-a47d-e4acb59c9f47,7e530cb3-d7d1-40b8-8aab-173481cf1feb,6d9f3e1a-3b55-4c8f-9d1e-8c2a7f4b5e26,VERY_GOOD,2008,15.5,una e murdara rau (mai ales intr-un colt),https://ro.ucoin.net/coin/poland-1-grosz-1990-2014/?tid=8283,1,,2,1.6399999999999999,1.2
c8c87a94-69d3-4c1b-b772-e4c5ca7fb86d,5d48ccb9-98e2-439d-a47d-e4acb59c9f47,e969bd11-8079-4df9-8f13-8546ca042923,8f3e1c7a-2b55-4d9f-8c1e-7a4d3f9b2e10,VERY_GOOD,2015,26,murdarele,https://ro.ucoin.net/coin/czech_republic-20-korun-1993-2021/?tid=3387,20,,4,8.4299999999999997,2.5499999999999998
90552f10-6e3d-4663-b626-de066ee9a522,5d48ccb9-98e2-439d-a47d-e4acb59c9f47,1c378483-96de-4276-b2cd-6dcefee47897,466aa670-46d7-43f8-81eb-fdab48e6c1b9,VERY_GOOD,1975,23.199999999999999,,https://ro.ucoin.net/coin/switzerland-1-franc-1968-2021/?tid=1105,1,,3,4.4000000000000004,1.55
e8fcd8ff-da52-4890-9770-1a34d6bb8a41,5d48ccb9-98e2-439d-a47d-e4acb59c9f47,e78b342c-29c1-4407-be38-860adbc885bd,8f3e1c7a-2b55-4d9f-8c1e-7a4d3f9b2e10,VERY_GOOD,2007,23.350000000000001,,https://ro.ucoin.net/coin/denmark-10-kroner-2007/?tid=8983,10,,1,7,2.2999999999999998
84dffb24-f9a2-4833-9ee4-a4ce82a2d245,5d48ccb9-98e2-439d-a47d-e4acb59c9f47,8734e197-5655-422b-968e-f02b792c9d32,1d7e3c9f-4b22-4d8f-9c1a-5e8b7d3f2c21,VERY_GOOD,1982,20.399999999999999,usor murdara x2,https://ro.ucoin.net/coin/hungary-20-filler-1967-1989/?tid=2930,20,,2,0.90000000000000002,1.3999999999999999
e8ff44f2-9c8e-48ea-9236-ec58720ae8e2,5d48ccb9-98e2-439d-a47d-e4acb59c9f47,5df044af-8e9a-48d7-88f2-0798a78ccaed,d0993a85-c627-4ffa-ba68-28dba2e5d992,VERY_GOOD,2017,23.43,,https://ro.ucoin.net/coin/united_kingdom-1-pound-2017/?cid=67444,1,,1,8.75,2.7999999999999998
5324ecf0-21d0-4259-8f4c-8102c1594104,5d48ccb9-98e2-439d-a47d-e4acb59c9f47,2ec1702b-2625-41ae-b214-0845913dbd47,3b3e1c7a-2b55-4d9f-8c1e-7a4d3f9b2e41,VERY_GOOD,1989,20.32,,https://ro.ucoin.net/coin/united_kingdom-1-penny-1985-1992/?tid=1471,1,(1986-1991),6,3.5600000000000001,1.52
6b207e5d-8bf9-4040-bae5-72b328243e02,5d48ccb9-98e2-439d-a47d-e4acb59c9f47,730bb3a4-0097-404a-9fb2-fa2ba7881d02,7e1a9c3f-4b22-4d8f-9c1e-7a3d8f5b6c27,VERY_GOOD,1909,19.100000000000001,murdara maxim + gaurita deasupra,https://ro.ucoin.net/coin/austria-10-hellers-1892-1911/?tid=44558,10,,1,3,1.3999999999999999
8c4d57d9-b1df-4179-9087-cd9f01e03cc2,5d48ccb9-98e2-439d-a47d-e4acb59c9f47,bff9efaa-d39d-45af-84a2-e9344df3a003,8f3e1c7a-2b55-4d9f-8c1e-7a4d3f9b2e10,VERY_GOOD,1994,26.5,,https://ro.ucoin.net/coin/slovakia-10-korun-1993-2008/?tid=3209,10,,1,6.5999999999999996,1.7
97f6d400-3775-4fc8-9bf2-96ebdf9822fc,5d48ccb9-98e2-439d-a47d-e4acb59c9f47,730bb3a4-0097-404a-9fb2-fa2ba7881d02,466aa670-46d7-43f8-81eb-fdab48e6c1b9,VERY_GOOD,1972,24,,https://ro.ucoin.net/coin/france-1-franc-1972/?cid=7169,1,,1,6,1.8
10ddda02-8ba8-4341-afbf-1c4b806cb381,5d48ccb9-98e2-439d-a47d-e4acb59c9f47,26881eb4-2715-416e-b68d-d6559f5f5efe,b5e498c1-35b7-4785-a05a-3a02b01d6ea5,VERY_GOOD,2006,23.25,una e murdara rau,https://ro.ucoin.net/coin/italy-1-euro-2002-2007/?tid=510,1,2007,2,7.5,2.3300000000000001
159e7a54-5d8a-4b49-ab01-c2cbc055a2d8,5d48ccb9-98e2-439d-a47d-e4acb59c9f47,d1d5b5ad-1892-4191-ae81-c8298d4eb6ba,b5e498c1-35b7-4785-a05a-3a02b01d6ea5,VERY_GOOD,2014,25.75,,https://ro.ucoin.net/coin/latvia-2-euro-2014-2022/?tid=29740,1,,1,8.5,2.2000000000000002
c951ce66-5fec-4eeb-9ad1-4367f90d7baa,5d48ccb9-98e2-439d-a47d-e4acb59c9f47,d1d5b5ad-1892-4191-ae81-c8298d4eb6ba,b5e498c1-35b7-4785-a05a-3a02b01d6ea5,VERY_GOOD,2002,25.75,,https://ro.ucoin.net/coin/austria-2-euro-2002-2006/?tid=18,1,,1,8.5,2.2000000000000002
380e1d89-b2de-4985-956c-4e20fb6b44ec,5d48ccb9-98e2-439d-a47d-e4acb59c9f47,c1109634-1155-497f-930b-b22ba5856cc7,8b3e1c7a-2b55-4d9f-8c1e-7a4d3f9b2e19,VERY_GOOD,2002,21.25,,https://ro.ucoin.net/coin/italy-5-euro-cent-2002-2023/?tid=481,5,,1,3.9199999999999999,1.6699999999999999
bd42fa2f-1a51-47d8-9806-db4b69f97b29,5d48ccb9-98e2-439d-a47d-e4acb59c9f47,6c05ac8a-e4dc-4292-8a12-bc54d475a7c9,8b3e1c7a-2b55-4d9f-8c1e-7a4d3f9b2e19,VERY_GOOD,2002,19.75,murdara,https://ro.ucoin.net/coin/italy-10-euro-cent-2002-2007/?tid=488,10,,1,4.0999999999999996,1.9299999999999999
fe54e935-436d-4e83-a58d-04e29993d96b,5d48ccb9-98e2-439d-a47d-e4acb59c9f47,6c05ac8a-e4dc-4292-8a12-bc54d475a7c9,8b3e1c7a-2b55-4d9f-8c1e-7a4d3f9b2e19,VERY_GOOD,2004,19.75,,https://ro.ucoin.net/coin/germany-10-euro-cent-2002-2006/?tid=196,10,2000,2,4.0999999999999996,1.9299999999999999
9c4000d5-cb8b-464e-99cd-a3a8f63a8c85,5d48ccb9-98e2-439d-a47d-e4acb59c9f47,6c05ac8a-e4dc-4292-8a12-bc54d475a7c9,8b3e1c7a-2b55-4d9f-8c1e-7a4d3f9b2e19,VERY_GOOD,2010,19.75,,https://ro.ucoin.net/coin/austria-10-euro-cent-2008-2023/?tid=350,10,,1,4.0999999999999996,1.9299999999999999
0b791886-f9e9-4610-ac68-63257d95d4dc,5d48ccb9-98e2-439d-a47d-e4acb59c9f47,c1109634-1155-497f-930b-b22ba5856cc7,8b3e1c7a-2b55-4d9f-8c1e-7a4d3f9b2e19,VERY_GOOD,2012,18.75,,https://ro.ucoin.net/coin/germany-2-euro-cent-2002-2023/?tid=194,2,,1,3.0600000000000001,1.6699999999999999
c46fa7ea-3164-4c90-b895-2d301c7f80e9,5d48ccb9-98e2-439d-a47d-e4acb59c9f47,c1109634-1155-497f-930b-b22ba5856cc7,8b3e1c7a-2b55-4d9f-8c1e-7a4d3f9b2e19,VERY_GOOD,2009,18.75,,https://ro.ucoin.net/coin/italy-2-euro-cent-2002-2023/?tid=474,2,,1,3.0600000000000001,1.6699999999999999
ee3ebfbc-11a9-4099-b989-c48bd5fc4b53,5d48ccb9-98e2-439d-a47d-e4acb59c9f47,c1109634-1155-497f-930b-b22ba5856cc7,8b3e1c7a-2b55-4d9f-8c1e-7a4d3f9b2e19,VERY_GOOD,2002,16.25,,https://ro.ucoin.net/coin/austria-1-euro-cent-2002-2023/?tid=10,1,,1,2.2999999999999998,1.6699999999999999
6279ab80-bb51-4d68-ae86-f745cd2b816c,5d48ccb9-98e2-439d-a47d-e4acb59c9f47,c1109634-1155-497f-930b-b22ba5856cc7,8b3e1c7a-2b55-4d9f-8c1e-7a4d3f9b2e19,VERY_GOOD,2002,16.25,,https://ro.ucoin.net/coin/italy-1-euro-cent-2002-2023/?tid=467,1,,3,2.2999999999999998,1.6699999999999999
11d49d0e-461d-47ea-9fcc-5ae6d319e0b0,5d48ccb9-98e2-439d-a47d-e4acb59c9f47,6c05ac8a-e4dc-4292-8a12-bc54d475a7c9,8b3e1c7a-2b55-4d9f-8c1e-7a4d3f9b2e19,VERY_GOOD,1999,24.25,,https://ro.ucoin.net/coin/france-50-euro-cent-1999-2006/?tid=967,50,2001,2,7.7999999999999998,2.3799999999999999
7154850d-eebb-40a3-b06c-dfc77a0b3fbb,5d48ccb9-98e2-439d-a47d-e4acb59c9f47,6c05ac8a-e4dc-4292-8a12-bc54d475a7c9,8b3e1c7a-2b55-4d9f-8c1e-7a4d3f9b2e19,VERY_GOOD,1999,22.25,,https://ro.ucoin.net/coin/finland-20-euro-cent-1999-2006/?tid=879,20,,1,5.7400000000000002,2.1400000000000001
501f9ad6-9427-4ff4-ab1b-eb9dcb26fed1,5d48ccb9-98e2-439d-a47d-e4acb59c9f47,6c05ac8a-e4dc-4292-8a12-bc54d475a7c9,8b3e1c7a-2b55-4d9f-8c1e-7a4d3f9b2e19,VERY_GOOD,2002,22.25,,https://ro.ucoin.net/coin/germany-20-euro-cent-2002-2007/?tid=197,20,2002,4,5.7400000000000002,2.1400000000000001
09c8ffc8-fc53-4e61-8217-11e8cfbf5473,5d48ccb9-98e2-439d-a47d-e4acb59c9f47,6c05ac8a-e4dc-4292-8a12-bc54d475a7c9,8b3e1c7a-2b55-4d9f-8c1e-7a4d3f9b2e19,VERY_GOOD,2008,22.25,este murdara pe fata (nu se vede bine harta),https://ro.ucoin.net/coin/germany-20-euro-cent-2007-2023/?tid=225,20,,1,5.7400000000000002,2.1400000000000001
45ea0f37-4415-47f3-a61d-b6f799e4eabb,5d48ccb9-98e2-439d-a47d-e4acb59c9f47,1c378483-96de-4276-b2cd-6dcefee47897,2a1f9c3e-4b22-4d8f-9c1e-8e3d7b4f5c40,VERY_GOOD,1990,18,,https://ro.ucoin.net/coin/united_kingdom-5-pence-1990-1997/?tid=1498,5,1991,2,3.25,1.7
a26a4cc0-dda4-40ef-8f97-d2316905c6fc,5d48ccb9-98e2-439d-a47d-e4acb59c9f47,2ec1702b-2625-41ae-b214-0845913dbd47,3b3e1c7a-2b55-4d9f-8c1e-7a4d3f9b2e41,VERY_GOOD,1990,25.899999999999999,,https://ro.ucoin.net/coin/united_kingdom-2-pence-1985-1992/?tid=1485,2,,1,7.1200000000000001,1.8500000000000001
32466a5e-c8ab-4128-bd68-106609d5a183,5d48ccb9-98e2-439d-a47d-e4acb59c9f47,1c378483-96de-4276-b2cd-6dcefee47897,2a1f9c3e-4b22-4d8f-9c1e-8e3d7b4f5c40,VERY_GOOD,1996,24.5,,https://ro.ucoin.net/coin/united_kingdom-10-pence-1992-1997/?tid=1516,10,,1,6.5,1.8500000000000001
81729450-c9db-4cf6-acc5-3d5d2d11bd69,5d48ccb9-98e2-439d-a47d-e4acb59c9f47,1c378483-96de-4276-b2cd-6dcefee47897,3b3e1c7a-2b55-4d9f-8c1e-7a4d3f9b2e41,VERY_GOOD,2001,21.399999999999999,,https://ro.ucoin.net/coin/united_kingdom-20-pence-1998-2008/?tid=1681,20,2003,2,5,1.7
177616b9-798b-4870-b2e6-4e5c523b1d31,5d48ccb9-98e2-439d-a47d-e4acb59c9f47,1c378483-96de-4276-b2cd-6dcefee47897,2a1f9c3e-4b22-4d8f-9c1e-8e3d7b4f5c40,VERY_GOOD,2013,27.300000000000001,,https://ro.ucoin.net/coin/united_kingdom-50-pence-2013/?tid=29859,50,,1,8,1.8
acf256c1-dbcd-4ed0-a786-fc16fa30924c,5d48ccb9-98e2-439d-a47d-e4acb59c9f47,1c378483-96de-4276-b2cd-6dcefee47897,3b3e1c7a-2b55-4d9f-8c1e-7a4d3f9b2e41,VERY_GOOD,1997,27.300000000000001,,https://ro.ucoin.net/coin/united_kingdom-50-pence-1997/?tid=1550,50,,2,8,1.78
93760d08-5c9f-4b26-a2be-8e48bae3c590,5d48ccb9-98e2-439d-a47d-e4acb59c9f47,1c378483-96de-4276-b2cd-6dcefee47897,2a1f9c3e-4b22-4d8f-9c1e-8e3d7b4f5c40,VERY_GOOD,2000,27.300000000000001,,https://ro.ucoin.net/coin/united_kingdom-50-pence-1998-2008/?tid=1693,50,,1,8,1.78
b7d61d50-4d1b-4cbc-ad62-4e2ac365b7c2,5d48ccb9-98e2-439d-a47d-e4acb59c9f47,1c378483-96de-4276-b2cd-6dcefee47897,3b3e1c7a-2b55-4d9f-8c1e-7a4d3f9b2e41,VERY_GOOD,2014,27.300000000000001,,https://ro.ucoin.net/coin/united_kingdom-50-pence-2008-2015/?tid=4983,50,,1,8,1.78
e17158fa-92bd-4012-ae45-07fbbab68602,5d48ccb9-98e2-439d-a47d-e4acb59c9f47,1c378483-96de-4276-b2cd-6dcefee47897,2a1f9c3e-4b22-4d8f-9c1e-8e3d7b4f5c40,VERY_GOOD,2019,27.300000000000001,,https://ro.ucoin.net/coin/united_kingdom-50-pence-2015-2022/?tid=45475,50,,1,8,1.78
590e3f0a-dce2-411b-a787-5c08b9de03ac,5d48ccb9-98e2-439d-a47d-e4acb59c9f47,59fff65e-0fb6-43d2-be0f-fb40238a608f,d0993a85-c627-4ffa-ba68-28dba2e5d992,VERY_GOOD,1990,22.5,are o gaura deasupra reginei si e zgariata,https://en.ucoin.net/coin/united_kingdom-1-pound-1985-1990/?tid=1569,1,,1,9.5,3.1499999999999999
3a17e02c-affb-4cf5-b9a9-f8e12bef8780,5d48ccb9-98e2-439d-a47d-e4acb59c9f47,729c704f-cd71-42c2-b828-c11ca6993352,d0993a85-c627-4ffa-ba68-28dba2e5d992,VERY_GOOD,2007,28.399999999999999,murdarica ;),https://www.allnumis.ro/catalog-monede/marea-britanie/elisabeta-a-ii-a-2-pounds-bimetallic-1997-/2-pounds-2007-2897,2,,1,12,2.5
741c3c56-5e94-40a7-a71a-4e76239f079f,5d48ccb9-98e2-439d-a47d-e4acb59c9f47,3a508af0-5cdc-4e5d-aefe-8491cc1e7538,3f7a1c9e-4b22-4e8f-9d1a-8c4e7b3f2a23,VERY_GOOD,2009,28.300000000000001,,https://ro.ucoin.net/coin/hungary-200-forint-2009-2011/?tid=5452,200,2009-2022,5,9,2
1f30f9b1-5a57-453f-b0ab-f74a0f8c3e62,5d48ccb9-98e2-439d-a47d-e4acb59c9f47,d1d5b5ad-1892-4191-ae81-c8298d4eb6ba,b5e498c1-35b7-4785-a05a-3a02b01d6ea5,VERY_GOOD,2002,25.75,,https://ro.ucoin.net/coin/belgium-2-euro-1999-2006/?tid=127,2,,1,8.5,2.2000000000000002
264bd198-16c0-4809-b4ae-10aaf13a7ff5,5d48ccb9-98e2-439d-a47d-e4acb59c9f47,7cf0f493-5eb9-40f8-8d42-afe8f8894167,13bc64de-13c6-4dc5-8387-7e12001b476c,VERY_GOOD,2009,23.850000000000001,,https://ro.ucoin.net/coin/turkey-50-kurus-2009-2022/?tid=5700,50,,2,6.7999999999999998,1.8999999999999999
660aa1de-d528-42f3-bbb4-ad0289a9dedc,5d48ccb9-98e2-439d-a47d-e4acb59c9f47,6148675b-1020-49b3-8ef9-dafa19ea8f69,13bc64de-13c6-4dc5-8387-7e12001b476c,VERY_GOOD,2005,23.850000000000001,Yeni Kurus (kurusi noi),https://ro.ucoin.net/coin/turkey-50-new-kurus-2005-2008/?tid=5687,50,,1,7,1.8999999999999999
492ac859-41d6-4918-b70d-7611258c6ae0,5d48ccb9-98e2-439d-a47d-e4acb59c9f47,cc30a110-8a00-41ea-9c2c-e60711e0057d,5f7a1c9e-4b22-4e8f-9d1a-8c4e7b3f2a34,VERY_GOOD,2015,26.5,,https://ro.ucoin.net/coin/bulgaria-2-leva-2015/?tid=52657,2,,1,9,2.2000000000000002
7979019b-ee54-427a-af97-a8002b899083,5d48ccb9-98e2-439d-a47d-e4acb59c9f47,6d2d9bd9-03ca-40e1-92f1-5d5dfefc14e2,5f7a1c9e-4b22-4e8f-9d1a-8c4e7b3f2a34,VERY_GOOD,2002,24.5,,https://ro.ucoin.net/coin/bulgaria-1-lev-2002/?tid=13155,1,,1,7,1.8999999999999999
be723de7-712a-4dbe-9cbd-d7bd45b46e7f,5d48ccb9-98e2-439d-a47d-e4acb59c9f47,3a508af0-5cdc-4e5d-aefe-8491cc1e7538,4e9f4c7a-1b55-4d8e-9f3c-7c1a5e8b9d33,VERY_GOOD,2014,26.149999999999999,,https://ro.ucoin.net/coin/turkey-1-lira-2009-2022/?tid=5701,1,,2,8.1999999999999993,1.8999999999999999
62aa5b53-cecc-4026-a8a2-8ff322cc03a7,5d48ccb9-98e2-439d-a47d-e4acb59c9f47,adaf5e01-c806-40c0-85f4-e31169f8bcb4,6d9f3e1a-3b55-4c8f-9d1e-8c2a7f4b5e26,VERY_GOOD,1996,24,,https://ro.ucoin.net/coin/poland-5-zlotych-1994-2023/?tid=8392,5,,1,6.54,2
283f6aa1-f6bf-4f7d-a3c7-16e9708ac31d,5d48ccb9-98e2-439d-a47d-e4acb59c9f47,f0bd29aa-1c21-4b5d-a8d8-a9e498df9541,466aa670-46d7-43f8-81eb-fdab48e6c1b9,VERY_GOOD,1989,22.300000000000001,,https://ro.ucoin.net/coin/france-10-francs-1988-2001/?tid=7344,10,,1,6.5,2
eb33e138-249c-41b4-ac37-2c370b910c29,5d48ccb9-98e2-439d-a47d-e4acb59c9f47,a4251578-9088-4964-be6b-232c12fa48b6,4e9f4c7a-1b55-4d8e-9f3c-7c1a5e8b9d33,VERY_GOOD,1997,27,,https://ro.ucoin.net/coin/italy-1000-lire-1997-2001/?tid=9763,1000,,1,8.8000000000000007,2
471d890e-509d-48a4-b7ff-e2203f04bc4c,5d48ccb9-98e2-439d-a47d-e4acb59c9f47,0b1e3f2f-d26c-4274-b901-2424a2cb7c47,3f7a1c9e-4b22-4e8f-9d1a-8c4e7b3f2a23,VERY_GOOD,1997,23.800000000000001,,https://ro.ucoin.net/coin/hungary-100-forint-1996-2011/?tid=2750,100,,1,8,2.2000000000000002
70ee78c1-06f2-4f07-8739-1f474d716464,5d48ccb9-98e2-439d-a47d-e4acb59c9f47,1c378483-96de-4276-b2cd-6dcefee47897,8f3e1c7a-2b55-4d9f-8c1e-7a4d3f9b2e10,VERY_GOOD,1992,28.5,,https://ro.ucoin.net/coin/denmark-5-kroner-1990-2023/?tid=5618,5,1990-1994,3,9.1999999999999993,2
c996f69f-0454-4226-8eaa-83fffac09831,5d48ccb9-98e2-439d-a47d-e4acb59c9f47,1c378483-96de-4276-b2cd-6dcefee47897,8f3e1c7a-2b55-4d9f-8c1e-7a4d3f9b2e10,VERY_GOOD,1996,20.25,,https://ro.ucoin.net/coin/denmark-1-krone-1992-2023/?tid=5585,1,1992-2006,6,3.6000000000000001,1.6000000000000001
0cf0b1ca-1407-4631-b1f3-75c1486128ba,5d48ccb9-98e2-439d-a47d-e4acb59c9f47,1c378483-96de-4276-b2cd-6dcefee47897,433274c2-725d-4629-9f35-2de2951b2592,VERY_GOOD,1925,23,,https://ro.ucoin.net/coin/yugoslavia-1-dinar-1925/?tid=38825,1,,1,4.9199999999999999,1.8
b379e2a4-1f2f-4145-b39c-50f2c0a51414,5d48ccb9-98e2-439d-a47d-e4acb59c9f47,aa38d7db-f4ab-427e-9062-56f0db822ebf,433274c2-725d-4629-9f35-2de2951b2592,VERY_GOOD,1994,22,,https://ro.ucoin.net/coin/yugoslavia-1-novi-dinar-1994-1995/?tid=16129,1,,1,4.5999999999999996,1.6000000000000001
bb87d79c-5f91-42c8-8be6-e63eb5b87344,5d48ccb9-98e2-439d-a47d-e4acb59c9f47,e25dd592-4d39-42f3-b676-ae5e4604f1eb,0c4e7a1f-3b55-4d8f-9e1a-7b3d2f8c5e12,VERY_GOOD,1989,23,folosita ca token de telefonie in Iugolsavia intre 20 iunie 1989 si mid 1990's(1989-1995),https://en.numista.com/catalogue/exonumia12618.html,0,,1,5.9299999999999997,1.8
c755c4ae-eecd-4c65-91b5-4f6d58f7c214,5d48ccb9-98e2-439d-a47d-e4acb59c9f47,577f19a6-0e57-4ffb-a9f7-611b66bb15eb,9c1f3e7a-2b44-4f9d-8c1e-7a3d9f2b6e20,VERY_GOOD,2013,18,,https://ro.ucoin.net/coin/bosnia_herzegovina-5-feninga-2005-2021/?tid=30692,5,,1,2.6600000000000001,1.5
1569dec3-021f-469e-9ef2-23eb439c0859,5d48ccb9-98e2-439d-a47d-e4acb59c9f47,59fff65e-0fb6-43d2-be0f-fb40238a608f,4b7e9c2f-8a33-4d1f-9c7a-3e1b8f5d7c04,VERY_GOOD,1983,16.5,,https://ro.ucoin.net/coin/cyprus-1-cent-1983/?tid=14808,1,,1,2,1.1000000000000001
73cfcdd4-2e73-4cfa-ba75-3f7df72a1b19,5d48ccb9-98e2-439d-a47d-e4acb59c9f47,eeab63c4-18f6-42a5-a13a-2b86e4ef2afc,8f3e1c7a-2b55-4d9f-8c1e-7a4d3f9b2e10,VERY_GOOD,1977,25,,https://ro.ucoin.net/coin/sweden-1-krona-1976-1981/?tid=5085,1,,1,7,1.8799999999999999
040abcc6-c130-4e2a-b593-319cc6437378,5d48ccb9-98e2-439d-a47d-e4acb59c9f47,85ddbf78-451d-45fa-ae6c-d1200308bca8,2a1f9c3e-4b22-4d8f-9c1e-8e3d7b4f5c40,VERY_GOOD,1998,27.100000000000001,Eire,https://ro.ucoin.net/coin/ireland-20-pence-1986-2000/?tid=4878,20,,1,8.4700000000000006,1.9399999999999999
3b5926c0-fd82-4ce5-a6c0-f30fd6b1a04f,5d48ccb9-98e2-439d-a47d-e4acb59c9f47,e78b342c-29c1-4407-be38-860adbc885bd,1a7e3c9f-4b22-4d8f-9c1a-5e8b7d3f2c11,VERY_GOOD,2007,23,,https://ro.ucoin.net/coin/ukraine-50-kopiyok-2001-2016/?tid=6396,20,,1,4.2000000000000002,1.55
63caffe4-88a8-4c6a-a1a6-d3fefad1c76d,5d48ccb9-98e2-439d-a47d-e4acb59c9f47,1c378483-96de-4276-b2cd-6dcefee47897,7e1a9c3f-4b22-4d8f-9c1e-7a3d8f5b6c27,VERY_GOOD,1984,20.800000000000001,,https://ro.ucoin.net/coin/czechoslovakia-50-hellers-1978-1990/?tid=4709,50,,1,3.2000000000000002,1.3999999999999999
ef001037-c107-45d2-8349-ef34ca7b464c,5d48ccb9-98e2-439d-a47d-e4acb59c9f47,1c378483-96de-4276-b2cd-6dcefee47897,6f3e1c7a-2b55-4d9f-8c1e-7a4d3f9b2e17,VERY_GOOD,1988,26,,https://ro.ucoin.net/coin/greece-10-drachmas-1982-2000/?tid=4433,10,,1,7.5499999999999998,1.95
a29ab883-b276-469a-8d7e-0255e0e46a50,5d48ccb9-98e2-439d-a47d-e4acb59c9f47,e78b342c-29c1-4407-be38-860adbc885bd,6f3e1c7a-2b55-4d9f-8c1e-7a4d3f9b2e17,VERY_GOOD,1998,24.5,,https://ro.ucoin.net/coin/greece-20-drachmas-1990-2000/?tid=4451,20,,1,7,2.25
7c5f3ec8-b1b7-46e5-81b5-a4884a3cecfb,5d48ccb9-98e2-439d-a47d-e4acb59c9f47,59fff65e-0fb6-43d2-be0f-fb40238a608f,8f3e1c7a-2b55-4d9f-8c1e-7a4d3f9b2e10,VERY_GOOD,1996,24,murdar,https://ro.ucoin.net/coin/norway-10-kroner-1995-2012/?tid=6821,10,,1,6.7999999999999998,2
edea895f-a56e-4b69-a2b7-09bf8bf83335,5d48ccb9-98e2-439d-a47d-e4acb59c9f47,85ddbf78-451d-45fa-ae6c-d1200308bca8,466aa670-46d7-43f8-81eb-fdab48e6c1b9,VERY_GOOD,1987,24,,https://ro.ucoin.net/coin/belgium-5-francs-1986-1993/?tid=14277,5,,1,5.5099999999999998,1.72
083f5916-faf6-4397-8a8f-bcd225d4d604,5d48ccb9-98e2-439d-a47d-e4acb59c9f47,5291959a-0111-4533-9517-7a45949f812d,4e9f4c7a-1b55-4d8e-9f3c-7c1a5e8b9d33,VERY_GOOD,1979,27.800000000000001,,https://ro.ucoin.net/coin/italy-100-lire-1955-1989/?tid=9568,100,,1,8,1.7
a8c595b3-6364-4df4-8d42-2aa8db05caee,5d48ccb9-98e2-439d-a47d-e4acb59c9f47,730bb3a4-0097-404a-9fb2-fa2ba7881d02,4e9f4c7a-1b55-4d8e-9f3c-7c1a5e8b9d33,VERY_GOOD,1922,26.800000000000001,,https://ro.ucoin.net/coin/italy-1-lira-1922-1935/?tid=13061,1,,1,8,1.8999999999999999
4de9d199-19a7-46f2-be56-f32f88383c6d,5d48ccb9-98e2-439d-a47d-e4acb59c9f47,5291959a-0111-4533-9517-7a45949f812d,4e9f4c7a-1b55-4d8e-9f3c-7c1a5e8b9d33,VERY_GOOD,1993,26.550000000000001,,https://ro.ucoin.net/coin/italy-50-lire-1990-1995/?tid=9640,50,,1,2.7000000000000002,2
22bcb632-76c1-4cfb-a037-a10e6f600582,5d48ccb9-98e2-439d-a47d-e4acb59c9f47,c6153260-2c16-4767-a5d8-d48ace1f3bbd,466aa670-46d7-43f8-81eb-fdab48e6c1b9,VERY_GOOD,1980,18.199999999999999,,https://ro.ucoin.net/coin/switzerland-1-2-franc-1875-1967/?tid=8133,1/2,,1,2.5,1.25
10afabe8-8a01-4108-966d-cfa86716c189,5d48ccb9-98e2-439d-a47d-e4acb59c9f47,8734e197-5655-422b-968e-f02b792c9d32,7e1a9c3f-4b22-4d8f-9c1e-7a3d8f5b6c27,VERY_GOOD,1977,18.199999999999999,,https://ro.ucoin.net/coin/czechoslovakia-10-hellers-1974-1990/?tid=4664,10,,1,0.90000000000000002,1.6000000000000001
caba4dc9-2b70-4fa1-9b13-779dda6a077a,5d48ccb9-98e2-439d-a47d-e4acb59c9f47,730bb3a4-0097-404a-9fb2-fa2ba7881d02,466aa670-46d7-43f8-81eb-fdab48e6c1b9,VERY_GOOD,1992,24,,https://ro.ucoin.net/coin/france-1-franc-1992/?tid=7202,1,,1,6,1.8
8fc86674-bb0a-4a37-a0a7-e389b9ca208e,5d48ccb9-98e2-439d-a47d-e4acb59c9f47,83f3a005-f104-49fe-bdc8-3718da0420c8,466aa670-46d7-43f8-81eb-fdab48e6c1b9,VERY_GOOD,1974,29,,https://ro.ucoin.net/coin/france-5-francs-1970-2001/?tid=7276,5,,1,10,2
7e97084d-ecc2-471f-b064-c883fe889b34,5d48ccb9-98e2-439d-a47d-e4acb59c9f47,730bb3a4-0097-404a-9fb2-fa2ba7881d02,466aa670-46d7-43f8-81eb-fdab48e6c1b9,VERY_GOOD,1977,19.5,,https://ro.ucoin.net/coin/france-1-2-franc-1965-2001/?tid=7085,1/2,,1,4.5,1.8999999999999999
187dd421-fe4f-4878-a0de-f78a99f84685,5d48ccb9-98e2-439d-a47d-e4acb59c9f47,e78b342c-29c1-4407-be38-860adbc885bd,2e9f4c7a-1b55-4d8e-9f3c-7c1a5e8b9d06,VERY_GOOD,1975,17,murdara,https://ro.ucoin.net/coin/france-5-centimes-1966-2001/?tid=6951,5,,1,2,1.5
e9c464e3-b38b-4bec-a78d-a82645b2de26,5d48ccb9-98e2-439d-a47d-e4acb59c9f47,e78b342c-29c1-4407-be38-860adbc885bd,2e9f4c7a-1b55-4d8e-9f3c-7c1a5e8b9d06,VERY_GOOD,1975,23.5,,https://ro.ucoin.net/coin/france-20-centimes-1962-2001/?tid=7038,20,,1,4,1.5
8a4ad3af-83a8-4ef5-b3a0-51380ad2b225,5d48ccb9-98e2-439d-a47d-e4acb59c9f47,e78b342c-29c1-4407-be38-860adbc885bd,3b3e1c7a-2b55-4d9f-8c1e-7a4d3f9b2e41,VERY_GOOD,1999,17.5,,https://ro.ucoin.net/coin/spain-5-pesetas-1999/?tid=9184,5,,1,3,1.8
40bec3a4-398b-4e26-afe9-db34b0e01b96,5d48ccb9-98e2-439d-a47d-e4acb59c9f47,e78b342c-29c1-4407-be38-860adbc885bd,3b3e1c7a-2b55-4d9f-8c1e-7a4d3f9b2e41,VERY_GOOD,1995,17.5,,https://ro.ucoin.net/coin/spain-5-pesetas-1995/?tid=9181,5,,1,3,1.8
bc31c4e7-3f38-4a2b-a74d-df6820c4f5ea,5d48ccb9-98e2-439d-a47d-e4acb59c9f47,1c378483-96de-4276-b2cd-6dcefee47897,3b3e1c7a-2b55-4d9f-8c1e-7a4d3f9b2e41,VERY_GOOD,1984,23,defectiune totala stanga-jos,https://ro.ucoin.net/coin/spain-5-pesetas-1982-1989/?tid=9312,5,,1,5.75,1.75
6b20872f-8c88-4b01-bf63-c965eabfe1f9,5d48ccb9-98e2-439d-a47d-e4acb59c9f47,e78b342c-29c1-4407-be38-860adbc885bd,3b3e1c7a-2b55-4d9f-8c1e-7a4d3f9b2e41,VERY_GOOD,1996,24.5,,https://ro.ucoin.net/coin/spain-100-pesetas-1996/?tid=9260,100,,1,9.25,2.8999999999999999
1cb48401-d489-4ba0-bd94-83f85488a18a,5d48ccb9-98e2-439d-a47d-e4acb59c9f47,8734e197-5655-422b-968e-f02b792c9d32,3f7a1c9e-4b22-4e8f-9d1a-8c4e7b3f2a23,VERY_GOOD,1994,26.300000000000001,,https://ro.ucoin.net/coin/hungary-20-forint-1992-2011/?tid=2714,20,1993-1995,4,6.9000000000000004,1.8999999999999999
25663991-c643-4473-ac7c-1831fc4e9146,5d48ccb9-98e2-439d-a47d-e4acb59c9f47,59fff65e-0fb6-43d2-be0f-fb40238a608f,1d7e3c9f-4b22-4d8f-9c1a-5e8b7d3f2c21,VERY_GOOD,1943,36,foarte murdara,https://ro.ucoin.net/coin/hungary-5-pengo-1943/?tid=28928,5,,1,6.0999999999999996,3.8999999999999999
f1236099-8279-4ee9-9424-c648d1ed128d,5d48ccb9-98e2-439d-a47d-e4acb59c9f47,59fff65e-0fb6-43d2-be0f-fb40238a608f,3f7a1c9e-4b22-4e8f-9d1a-8c4e7b3f2a23,VERY_GOOD,2020,21.199999999999999,,https://ro.ucoin.net/coin/hungary-5-forint-2012-2023/?tid=14889,5,2014,2,4.2000000000000002,1.3
e11ef8f8-b6c5-45d3-95a5-e8c55fd8df08,5d48ccb9-98e2-439d-a47d-e4acb59c9f47,1c378483-96de-4276-b2cd-6dcefee47897,3f7a1c9e-4b22-4e8f-9d1a-8c4e7b3f2a23,VERY_GOOD,1985,23.399999999999999,,https://ro.ucoin.net/coin/hungary-5-forint-1983-1989/?tid=3044,5,,1,5,1.6000000000000001
5e19865b-1337-4c4e-99f5-e8cd400f571e,5d48ccb9-98e2-439d-a47d-e4acb59c9f47,8734e197-5655-422b-968e-f02b792c9d32,3f7a1c9e-4b22-4e8f-9d1a-8c4e7b3f2a23,VERY_GOOD,1970,22.800000000000001,una murdara,https://ro.ucoin.net/coin/hungary-1-forint-1967-1989/?tid=2783,1,1989,2,1.3999999999999999,1.8
44524cda-ffe7-4672-b2a0-526031235fe8,5d48ccb9-98e2-439d-a47d-e4acb59c9f47,59fff65e-0fb6-43d2-be0f-fb40238a608f,3f7a1c9e-4b22-4e8f-9d1a-8c4e7b3f2a23,VERY_GOOD,1994,16.300000000000001,2x rugina,https://ro.ucoin.net/coin/hungary-1-forint-1992-2008/?tid=2615,1,1999,3,2.0499999999999998,1.1000000000000001
fde9812c-500a-4f6b-811a-4534afb1f962,5d48ccb9-98e2-439d-a47d-e4acb59c9f47,1c378483-96de-4276-b2cd-6dcefee47897,3f7a1c9e-4b22-4e8f-9d1a-8c4e7b3f2a23,VERY_GOOD,1996,19.199999999999999,,https://ro.ucoin.net/coin/hungary-2-forint-1992-2008/?tid=2666,2,1994-1999,4,3.1000000000000001,1.5
e181cbbd-8748-4e5c-9027-fe39dc82f603,5d48ccb9-98e2-439d-a47d-e4acb59c9f47,5d550262-c6b0-4d76-b105-b3e93675e279,3f7a1c9e-4b22-4e8f-9d1a-8c4e7b3f2a23,VERY_GOOD,1994,24.800000000000001,un a e murdara pe spate,https://ro.ucoin.net/coin/hungary-10-forint-1992-2011/?tid=2698,10,1993,2,6.0999999999999996,1.3
ffd67bce-72f1-4b68-8de1-05d1cdcd83a7,5d48ccb9-98e2-439d-a47d-e4acb59c9f47,5d550262-c6b0-4d76-b105-b3e93675e279,3f7a1c9e-4b22-4e8f-9d1a-8c4e7b3f2a23,VERY_GOOD,2021,24.800000000000001,,https://ro.ucoin.net/coin/hungary-10-forint-2012-2023/?tid=14891,10,2018-2022,3,6.0999999999999996,1.3
04e51146-671e-4300-9844-e73ba3ec5b21,5d48ccb9-98e2-439d-a47d-e4acb59c9f47,bff9efaa-d39d-45af-84a2-e9344df3a003,3f7a1c9e-4b22-4e8f-9d1a-8c4e7b3f2a23,VERY_GOOD,1985,22.399999999999999,murdare x3,https://ro.ucoin.net/coin/hungary-2-forint-1970-1989/?tid=3007,2,1972-1989,3,4.4400000000000004,1.6000000000000001
7b4b43ac-4efb-43db-a59c-ea5d9f35b885,5d48ccb9-98e2-439d-a47d-e4acb59c9f47,8734e197-5655-422b-968e-f02b792c9d32,1d7e3c9f-4b22-4d8f-9c1a-5e8b7d3f2c21,VERY_GOOD,1974,18.5,una murdara,https://ro.ucoin.net/coin/hungary-10-filler-1967-1989/?tid=2893,10,1989,2,0.59999999999999998,1.2
790be80f-0acc-4119-849a-f36cbd8ec3d4,5d48ccb9-98e2-439d-a47d-e4acb59c9f47,8734e197-5655-422b-968e-f02b792c9d32,1d7e3c9f-4b22-4d8f-9c1a-5e8b7d3f2c21,VERY_GOOD,1978,21.5,destul de murdare,https://ro.ucoin.net/coin/hungary-50-filler-1967-1989/?tid=2958,50,1981,2,1.2,1.6000000000000001
8ba71a92-a748-4351-9426-6cbededa2144,5d48ccb9-98e2-439d-a47d-e4acb59c9f47,1c378483-96de-4276-b2cd-6dcefee47897,466aa670-46d7-43f8-81eb-fdab48e6c1b9,VERY_GOOD,2013,18.199999999999999,,https://ro.ucoin.net/coin/switzerland-1-2-franc-1968-2023/?tid=1104,1/2,,1,2.2000000000000002,1.25
cb84c8b8-f1b1-483b-9233-a9752044c0b2,5d48ccb9-98e2-439d-a47d-e4acb59c9f47,1c378483-96de-4276-b2cd-6dcefee47897,466aa670-46d7-43f8-81eb-fdab48e6c1b9,VERY_GOOD,1994,27.399999999999999,,https://ro.ucoin.net/coin/switzerland-2-francs-1968-2023/?tid=1106,2,,1,8.8000000000000007,2.1499999999999999
e397ad6b-1284-4469-a85b-51432a0201ea,5d48ccb9-98e2-439d-a47d-e4acb59c9f47,1c378483-96de-4276-b2cd-6dcefee47897,466aa670-46d7-43f8-81eb-fdab48e6c1b9,VERY_GOOD,1979,31.449999999999999,,https://ro.ucoin.net/coin/switzerland-5-francs-1968-2023/?tid=1107,5,,1,13.199999999999999,2.3500000000000001
025e4016-c0ae-4cc4-9685-082383672e97,5d48ccb9-98e2-439d-a47d-e4acb59c9f47,1c378483-96de-4276-b2cd-6dcefee47897,1c9f3e1a-3b55-4c8f-9d1e-8c2a7f4b5e48,VERY_GOOD,1997,19.149999999999999,,https://ro.ucoin.net/coin/switzerland-10-rappen-1879-2023/?tid=1103,10,1931-1972-2002,4,3,1.45
e5528aa7-2c3b-4170-9b38-3a329a3df276,5d48ccb9-98e2-439d-a47d-e4acb59c9f47,e78b342c-29c1-4407-be38-860adbc885bd,1c9f3e1a-3b55-4c8f-9d1e-8c2a7f4b5e48,VERY_GOOD,1996,17.149999999999999,,https://ro.ucoin.net/coin/switzerland-5-rappen-1981-2023/?tid=1101,5,,2,1.8,1.25
a447ba2a-3813-4f8c-b63f-114ba6960fa5,5d48ccb9-98e2-439d-a47d-e4acb59c9f47,2ec1702b-2625-41ae-b214-0845913dbd47,4b7e9c2f-8a33-4d1f-9c7a-3e1b8f5d7c04,VERY_GOOD,1984,21,murdara,https://ro.ucoin.net/coin/netherlands-5-cents-1982-2001/?tid=6011,5,,1,3.4700000000000002,1.45
bd2fabbd-50ef-4bf5-a716-7cde3349e8a2,5d48ccb9-98e2-439d-a47d-e4acb59c9f47,730bb3a4-0097-404a-9fb2-fa2ba7881d02,5e1a9c3f-4b22-4d8f-9c1e-7a3d8f5b6c16,VERY_GOOD,1975,15,,https://ro.ucoin.net/coin/netherlands-10-cents-1950-1980/?tid=11998,10,,1,1.5,1.2
9d40f179-cbc7-4d70-a477-33295dd6f006,5d48ccb9-98e2-439d-a47d-e4acb59c9f47,e969bd11-8079-4df9-8f13-8546ca042923,6d9f3e1a-3b55-4c8f-9d1e-8c2a7f4b5e26,VERY_GOOD,2015,15.5,,https://ro.ucoin.net/coin/poland-1-grosz-2013-2016/?tid=33933,1,,1,1.6399999999999999,1.2
31f15652-041f-4ed4-a25f-a0f22d6cb442,5d48ccb9-98e2-439d-a47d-e4acb59c9f47,1c378483-96de-4276-b2cd-6dcefee47897,6d9f3e1a-3b55-4c8f-9d1e-8c2a7f4b5e26,VERY_GOOD,1994,23,,https://ro.ucoin.net/coin/poland-1-zloty-1990-2016/?tid=8377,1,1992,2,5,1.6000000000000001
4ce92c50-dd05-44d6-a3c4-5d712db3afc5,5d48ccb9-98e2-439d-a47d-e4acb59c9f47,7e530cb3-d7d1-40b8-8aab-173481cf1feb,6d9f3e1a-3b55-4c8f-9d1e-8c2a7f4b5e26,VERY_GOOD,2008,17.5,,https://ro.ucoin.net/coin/poland-2-grosze-1990-2014/?tid=8302,2,,1,2.1299999999999999,1.2
d44d6b81-3c0c-4d26-a42d-197d5a6e072a,5d48ccb9-98e2-439d-a47d-e4acb59c9f47,7e530cb3-d7d1-40b8-8aab-173481cf1feb,6d9f3e1a-3b55-4c8f-9d1e-8c2a7f4b5e26,VERY_GOOD,2008,19.5,,https://ro.ucoin.net/coin/poland-5-groszy-1990-2014/?tid=8319,5,,2,2.5899999999999999,1.3
9f76da37-b0b0-4629-8a48-407d80d7c2e2,5d48ccb9-98e2-439d-a47d-e4acb59c9f47,e969bd11-8079-4df9-8f13-8546ca042923,6d9f3e1a-3b55-4c8f-9d1e-8c2a7f4b5e26,VERY_GOOD,2014,19.5,,https://ro.ucoin.net/coin/poland-5-groszy-2013-2016/?tid=33935,5,,1,2.5899999999999999,1.3
d670216a-f34d-4192-859a-38d9545b31a2,5d48ccb9-98e2-439d-a47d-e4acb59c9f47,1c378483-96de-4276-b2cd-6dcefee47897,6d9f3e1a-3b55-4c8f-9d1e-8c2a7f4b5e26,VERY_GOOD,2007,16.5,,https://ro.ucoin.net/coin/poland-10-groszy-1990-2016/?tid=8336,10,,1,2.5099999999999998,1.6000000000000001
20f5d453-1f30-4cd8-a0fe-75739104243d,5d48ccb9-98e2-439d-a47d-e4acb59c9f47,1c378483-96de-4276-b2cd-6dcefee47897,6d9f3e1a-3b55-4c8f-9d1e-8c2a7f4b5e26,VERY_GOOD,2008,18.5,,https://ro.ucoin.net/coin/poland-20-groszy-1990-2016/?tid=8353,20,,1,3.2200000000000002,1.6000000000000001
ecb46c7a-5aac-4d9e-afc7-7e6bb3c08e64,5d48ccb9-98e2-439d-a47d-e4acb59c9f47,1c378483-96de-4276-b2cd-6dcefee47897,6d9f3e1a-3b55-4c8f-9d1e-8c2a7f4b5e26,VERY_GOOD,2012,20.5,murdara pe fata,https://ro.ucoin.net/coin/poland-50-groszy-1990-2016/?tid=8371,50,,1,3.9399999999999999,1.6000000000000001
873a09d2-250a-4c56-8eca-e925cd635fc0,5d48ccb9-98e2-439d-a47d-e4acb59c9f47,8734e197-5655-422b-968e-f02b792c9d32,7e1a9c3f-4b22-4d8f-9c1e-7a3d8f5b6c27,VERY_GOOD,1999,17,,https://ro.ucoin.net/coin/czech_republic-20-hellers-1998-2003/?tid=3241,20,,1,0.73999999999999999,1.7
cf71470c-eae8-4394-82c9-b948f0c979b2,5d48ccb9-98e2-439d-a47d-e4acb59c9f47,577f19a6-0e57-4ffb-a9f7-611b66bb15eb,8f3e1c7a-2b55-4d9f-8c1e-7a4d3f9b2e10,VERY_GOOD,1996,21.5,,https://ro.ucoin.net/coin/czech_republic-2-koruny-1993-2023/?tid=3310,2,1993-2014,3,3.7000000000000002,1.8500000000000001
bcbdc23b-12a7-4bed-ab94-a5a0140888b5,5d48ccb9-98e2-439d-a47d-e4acb59c9f47,c1109634-1155-497f-930b-b22ba5856cc7,8f3e1c7a-2b55-4d9f-8c1e-7a4d3f9b2e10,VERY_GOOD,1996,24.5,,https://ro.ucoin.net/coin/czech_republic-10-korun-1993-2023/?tid=3342,10,2013,2,7.6200000000000001,2.5499999999999998
dcf9a400-70f5-43b7-a028-4547165f4d80,5d48ccb9-98e2-439d-a47d-e4acb59c9f47,e969bd11-8079-4df9-8f13-8546ca042923,1a7e9c2f-8a33-4d1f-9c7a-3e1b8f5d7c57,VERY_GOOD,2000,16,murdar,https://ro.ucoin.net/coin/bulgaria-1-stotinka-2000-2002/?tid=13141,1,,1,1.8,1.4299999999999999
3846b058-8b9f-4621-935f-30b9ced6c164,5d48ccb9-98e2-439d-a47d-e4acb59c9f47,bff9efaa-d39d-45af-84a2-e9344df3a003,1a7e9c2f-8a33-4d1f-9c7a-3e1b8f5d7c57,VERY_GOOD,1974,15.199999999999999,murdar,https://ro.ucoin.net/coin/bulgaria-1-stotinka-1974-1990/?tid=17123,1,,1,1,0.84999999999999998
9f3425fd-c2be-40f1-9108-8be28c94c6ea,5d48ccb9-98e2-439d-a47d-e4acb59c9f47,1c378483-96de-4276-b2cd-6dcefee47897,1a7e9c2f-8a33-4d1f-9c7a-3e1b8f5d7c57,VERY_GOOD,1962,21.199999999999999,,https://ro.ucoin.net/coin/bulgaria-20-stotinki-1962/?tid=17163,20,,1,3.1000000000000001,1.1399999999999999
d86768f2-af79-4dd6-9b0f-b177ad8d15b1,5d48ccb9-98e2-439d-a47d-e4acb59c9f47,1c378483-96de-4276-b2cd-6dcefee47897,1a7e9c2f-8a33-4d1f-9c7a-3e1b8f5d7c57,VERY_GOOD,1989,21.100000000000001,,https://ro.ucoin.net/coin/bulgaria-20-stotinki-1974-1990/?tid=17164,20,,1,3.1000000000000001,1.1399999999999999
99c463d3-f773-479a-9bff-7e606858bc0f,5d48ccb9-98e2-439d-a47d-e4acb59c9f47,bff9efaa-d39d-45af-84a2-e9344df3a003,1a7e3c9f-4b22-4d8f-9c1a-5e8b7d3f2c11,VERY_GOOD,2005,17.5,murdarele,https://ro.ucoin.net/coin/russia-10-kopeks-1997-2006/?tid=1971,10,,1,1.95,1.25
d543472f-b9dd-4802-956a-afbd398e769e,5d48ccb9-98e2-439d-a47d-e4acb59c9f47,bff9efaa-d39d-45af-84a2-e9344df3a003,1a7e3c9f-4b22-4d8f-9c1a-5e8b7d3f2c11,VERY_GOOD,1985,15,,https://ro.ucoin.net/coin/ussr-1-kopek-1961-1991/?tid=3901,1,,1,1,0.90000000000000002
c9e9b5ad-3297-4662-8203-9bb1d51e5555,5d48ccb9-98e2-439d-a47d-e4acb59c9f47,bff9efaa-d39d-45af-84a2-e9344df3a003,1a7e3c9f-4b22-4d8f-9c1a-5e8b7d3f2c11,VERY_GOOD,1971,18,,https://ro.ucoin.net/coin/ussr-2-kopeks-1961-1991/?tid=3902,2,1987,2,2,1.1000000000000001
d0b865a1-7d87-44c1-ada6-24924b756a58,5d48ccb9-98e2-439d-a47d-e4acb59c9f47,bff9efaa-d39d-45af-84a2-e9344df3a003,1a7e3c9f-4b22-4d8f-9c1a-5e8b7d3f2c11,VERY_GOOD,1974,22,,https://ro.ucoin.net/coin/ussr-3-kopeks-1961-1991/?tid=3905,3,,1,3,1.3
10460114-a393-4dd6-8a82-3faedeb83fb4,5d48ccb9-98e2-439d-a47d-e4acb59c9f47,bff9efaa-d39d-45af-84a2-e9344df3a003,1a7e3c9f-4b22-4d8f-9c1a-5e8b7d3f2c11,VERY_GOOD,1983,25,,https://ro.ucoin.net/coin/ussr-5-kopeks-1961-1991/?tid=3907,5,,1,5,1.5
183dade9-fe57-4672-a9be-402d73ce88d2,5d48ccb9-98e2-439d-a47d-e4acb59c9f47,aa38d7db-f4ab-427e-9062-56f0db822ebf,1a7e3c9f-4b22-4d8f-9c1a-5e8b7d3f2c11,VERY_GOOD,1985,19.600000000000001,nu e alba,https://ro.ucoin.net/coin/ussr-15-kopeks-1961-1991/?tid=4066,15,,1,2.5,1.3
08b05490-e78d-4de1-94d4-a4892bd50427,5d48ccb9-98e2-439d-a47d-e4acb59c9f47,e78b342c-29c1-4407-be38-860adbc885bd,8f3e1c7a-2b55-4d9f-8c1e-7a4d3f9b2e10,VERY_GOOD,1989,23.350000000000001,,https://ro.ucoin.net/coin/denmark-10-kroner-1989-1993/?tid=5635,10,,1,7,2.2999999999999998
b0867004-6458-4616-9086-96b8eacafb6e,5d48ccb9-98e2-439d-a47d-e4acb59c9f47,e78b342c-29c1-4407-be38-860adbc885bd,8f3e1c7a-2b55-4d9f-8c1e-7a4d3f9b2e10,VERY_GOOD,2001,23.350000000000001,,https://ro.ucoin.net/coin/denmark-10-kroner-2001-2002/?tid=5645,10,,2,7,2.2999999999999998
3b589854-8e1b-4074-b017-db8baa2dbeca,5d48ccb9-98e2-439d-a47d-e4acb59c9f47,e78b342c-29c1-4407-be38-860adbc885bd,8f3e1c7a-2b55-4d9f-8c1e-7a4d3f9b2e10,VERY_GOOD,1990,27,,https://ro.ucoin.net/coin/denmark-20-kroner-1990-1993/?tid=5652,20,,1,9.3000000000000007,2.3500000000000001
99ee250c-6b32-4cb1-bb87-81b1ed8d0e3d,5d48ccb9-98e2-439d-a47d-e4acb59c9f47,e78b342c-29c1-4407-be38-860adbc885bd,8f3e1c7a-2b55-4d9f-8c1e-7a4d3f9b2e10,VERY_GOOD,1998,27,,https://ro.ucoin.net/coin/denmark-20-kroner-1994-1999/?tid=5655,20,,1,9.3000000000000007,2.3500000000000001
8bcf0038-c3cb-4baa-a6fd-7c950bffe709,5d48ccb9-98e2-439d-a47d-e4acb59c9f47,e78b342c-29c1-4407-be38-860adbc885bd,8f3e1c7a-2b55-4d9f-8c1e-7a4d3f9b2e10,VERY_GOOD,2005,27,,https://ro.ucoin.net/coin/denmark-20-kroner-2003-2010/?tid=5661,20,,2,9.3000000000000007,2.3500000000000001
a6f433ef-b76c-4568-b2e7-4802d29b186d,5d48ccb9-98e2-439d-a47d-e4acb59c9f47,1c378483-96de-4276-b2cd-6dcefee47897,7c7e3c9f-4b22-4d8f-9c1a-5e8b7d3f2c54,VERY_GOOD,1981,18,,https://ro.ucoin.net/coin/denmark-10-ore-1973-1988/?tid=12767,10,,1,3,1.4399999999999999
57a6668e-4eaf-4f32-93ab-c6f5846efb31,5d48ccb9-98e2-439d-a47d-e4acb59c9f47,e78b342c-29c1-4407-be38-860adbc885bd,8f3e1c7a-2b55-4d9f-8c1e-7a4d3f9b2e10,VERY_GOOD,2007,27,,https://ro.ucoin.net/coin/denmark-20-kroner-2007/?tid=6904,20,,1,9.3000000000000007,2.3500000000000001
cb3212f5-ebdf-4384-82c1-b109aa6e60b6,5d48ccb9-98e2-439d-a47d-e4acb59c9f47,e78b342c-29c1-4407-be38-860adbc885bd,8f3e1c7a-2b55-4d9f-8c1e-7a4d3f9b2e10,VERY_GOOD,2008,27,,https://ro.ucoin.net/coin/denmark-20-kroner-2008/?tid=9006,20,,1,9.3000000000000007,2.3500000000000001
921290bf-31b8-4034-92a8-7dd141ecd1c1,5d48ccb9-98e2-439d-a47d-e4acb59c9f47,e969bd11-8079-4df9-8f13-8546ca042923,5c8e1f7a-2b44-4d9f-8c1e-7a5d3f9b2e25,VERY_GOOD,1977,18.5,,https://ro.ucoin.net/coin/germany-5-pfennig-1950-2001/?tid=5260,5,1983,2,3,1.7
8b00a4ea-b89c-4c7d-86d7-780d61d7116c,5d48ccb9-98e2-439d-a47d-e4acb59c9f47,8734e197-5655-422b-968e-f02b792c9d32,5c8e1f7a-2b44-4d9f-8c1e-7a5d3f9b2e25,VERY_GOOD,1983,19,,https://ro.ucoin.net/coin/german_democratic_republic-5-pfennig-1976-1990/?tid=5388,5,,1,1.1000000000000001,1.8999999999999999
f09694d8-fe2c-47ea-8dbd-60666669e823,5d48ccb9-98e2-439d-a47d-e4acb59c9f47,8734e197-5655-422b-968e-f02b792c9d32,5c8e1f7a-2b44-4d9f-8c1e-7a5d3f9b2e25,VERY_GOOD,1968,21,,https://ro.ucoin.net/coin/german_democratic_republic-10-pfennig-1963-1990/?tid=5410,10,,1,1.5,2.1000000000000001
556fcc9f-1b42-4813-8a6d-b1fd63f02bde,5d48ccb9-98e2-439d-a47d-e4acb59c9f47,e969bd11-8079-4df9-8f13-8546ca042923,5c8e1f7a-2b44-4d9f-8c1e-7a5d3f9b2e25,VERY_GOOD,1976,21,,https://ro.ucoin.net/coin/germany-10-pfennig-1950-2001/?tid=5274,10,,1,4,1.7
584d4082-8914-404f-830d-909efa487866,5d48ccb9-98e2-439d-a47d-e4acb59c9f47,e969bd11-8079-4df9-8f13-8546ca042923,5c8e1f7a-2b44-4d9f-8c1e-7a5d3f9b2e25,VERY_GOOD,1949,21,murdara,https://ro.ucoin.net/coin/germany-10-pfennig-1949/?tid=6543,10,,1,4,1.7
73430176-c642-4b90-9bfd-3ee151db7f91,5d48ccb9-98e2-439d-a47d-e4acb59c9f47,1c378483-96de-4276-b2cd-6dcefee47897,5c8e1f7a-2b44-4d9f-8c1e-7a5d3f9b2e25,VERY_GOOD,1982,20,,https://ro.ucoin.net/coin/germany-50-pfennig-1950-2001/?tid=5286,50,,1,3.5,1.5800000000000001
1fada2a1-1990-40ac-83f4-8a3817f5aa9e,5d48ccb9-98e2-439d-a47d-e4acb59c9f47,c1109634-1155-497f-930b-b22ba5856cc7,5c8e1f7a-2b44-4d9f-8c1e-7a5d3f9b2e25,VERY_GOOD,1984,16.5,,https://ro.ucoin.net/coin/germany-1-pfennig-1950-2001/?tid=5230,1,1996,2,2,1.3799999999999999
ede2ff3c-d0c5-48ec-b4ef-4683ee841e3b,5d48ccb9-98e2-439d-a47d-e4acb59c9f47,1c378483-96de-4276-b2cd-6dcefee47897,4b7e9c2f-8a33-4d1f-9c7a-3e1b8f5d7c04,VERY_GOOD,1986,23.5,,https://ro.ucoin.net/coin/germany-1-mark-1950-2001/?tid=5298,1,1978,2,5.5,1.75
f52a5829-8be6-43c9-831f-293b5d63147c,5d48ccb9-98e2-439d-a47d-e4acb59c9f47,59fff65e-0fb6-43d2-be0f-fb40238a608f,433274c2-725d-4629-9f35-2de2951b2592,VERY_GOOD,2012,24.100000000000001,2013 e murdara s-ar putea sa fie link-ul celalalt,https://ro.ucoin.net/coin/serbia-5-dinara-2011-2012/?tid=14988,5,2013,3,6.1299999999999999,1.7
c4f5ff7e-70d6-4169-af43-7f88fd110595,5d48ccb9-98e2-439d-a47d-e4acb59c9f47,e969bd11-8079-4df9-8f13-8546ca042923,433274c2-725d-4629-9f35-2de2951b2592,VERY_GOOD,2021,24.100000000000001,,https://ro.ucoin.net/coin/serbia-5-dinara-2013-2023/?tid=27044,5,,1,5.7800000000000002,1.8500000000000001
ceec6147-256e-40fe-a6ba-ea036d2c8e90,5d48ccb9-98e2-439d-a47d-e4acb59c9f47,e969bd11-8079-4df9-8f13-8546ca042923,3d7e3c9f-4b22-4d8f-9c1a-5e8b7d3f2c32,VERY_GOOD,2013,18,un a e murdarica,https://ro.ucoin.net/coin/croatia-5-lipa-1993-2021/?tid=3620,5,,2,2.5,1.5
2b5416d6-4323-49f6-aa68-0add16a0deec,5d48ccb9-98e2-439d-a47d-e4acb59c9f47,e969bd11-8079-4df9-8f13-8546ca042923,3d7e3c9f-4b22-4d8f-9c1a-5e8b7d3f2c32,VERY_GOOD,2015,20,,https://ro.ucoin.net/coin/croatia-10-lipa-1993-2021/?tid=3639,10,,1,3.2000000000000002,1.55
a30782ca-6902-4efa-9f51-1a746ce25abd,5d48ccb9-98e2-439d-a47d-e4acb59c9f47,577f19a6-0e57-4ffb-a9f7-611b66bb15eb,3d7e3c9f-4b22-4d8f-9c1a-5e8b7d3f2c32,VERY_GOOD,1993,18.5,,https://ro.ucoin.net/coin/croatia-20-lipa-1993-2021/?tid=3656,20,,1,2.8999999999999999,1.6000000000000001
31b32287-7c5b-49a4-946f-c5ca222ce22d,5d48ccb9-98e2-439d-a47d-e4acb59c9f47,577f19a6-0e57-4ffb-a9f7-611b66bb15eb,3d7e3c9f-4b22-4d8f-9c1a-5e8b7d3f2c32,VERY_GOOD,2017,20.5,,https://ro.ucoin.net/coin/croatia-50-lipa-1993-2021/?tid=3673,50,2019,2,3.6499999999999999,1.6499999999999999
a57dcf9f-53cb-4837-9b91-c857a9b1f6e6,5d48ccb9-98e2-439d-a47d-e4acb59c9f47,8734e197-5655-422b-968e-f02b792c9d32,5c8e1f7a-2b44-4d9f-8c1e-7a5d3f9b2e25,VERY_GOOD,1993,20,,https://ro.ucoin.net/coin/austria-10-groschen-1951-2001/?tid=7486,10,,1,1.1000000000000001,1.5
fe82a7a4-31ac-433f-9981-cfebd7a84114,5d48ccb9-98e2-439d-a47d-e4acb59c9f47,1c378483-96de-4276-b2cd-6dcefee47897,5c8e1f7a-2b44-4d9f-8c1e-7a5d3f9b2e25,VERY_GOOD,1925,22,,https://ro.ucoin.net/coin/austria-10-groschen-1925-1929/?tid=32934,10,,1,4.5,1.54
26c43405-cd0f-42ba-8558-bf141bc251fd,5d48ccb9-98e2-439d-a47d-e4acb59c9f47,577f19a6-0e57-4ffb-a9f7-611b66bb15eb,8f3e1c7a-2b55-4d9f-8c1e-7a4d3f9b2e10,VERY_GOOD,2007,24.75,,https://ro.ucoin.net/coin/slovakia-5-korun-1993-2008/?tid=3177,5,,1,5.4000000000000004,1.7
666aba6f-d03d-4fee-9bb2-5ec36d99936f,5d48ccb9-98e2-439d-a47d-e4acb59c9f47,bff9efaa-d39d-45af-84a2-e9344df3a003,9a1f9c3e-4b22-4d8f-9c1e-8e3d7b4f5c29,VERY_GOOD,1994,24,,https://ro.ucoin.net/coin/slovenia-2-tolarja-1992-2006/?tid=7854,2,,1,5.4000000000000004,1.7
73e9a2bd-7d5b-4ac6-aea2-07c63d7a3aa1,5d48ccb9-98e2-439d-a47d-e4acb59c9f47,577f19a6-0e57-4ffb-a9f7-611b66bb15eb,8f3e1c7a-2b55-4d9f-8c1e-7a4d3f9b2e10,VERY_GOOD,1993,22.5,,https://ro.ucoin.net/coin/slovakia-2-koruny-1993-2008/?tid=3193,2,,2,4.4000000000000004,1.7
b8fc0013-b5e8-4bb7-a514-33b562f92399,5d48ccb9-98e2-439d-a47d-e4acb59c9f47,aa38d7db-f4ab-427e-9062-56f0db822ebf,13bc64de-13c6-4dc5-8387-7e12001b476c,VERY_GOOD,2005,17,,https://ro.ucoin.net/coin/turkey-5-new-kurus-2005-2008/?tid=5674,5,,1,2.9500000000000002,1.7
552494bd-54c5-4dc9-b05d-8e870a5548cf,5d48ccb9-98e2-439d-a47d-e4acb59c9f47,aa38d7db-f4ab-427e-9062-56f0db822ebf,13bc64de-13c6-4dc5-8387-7e12001b476c,VERY_GOOD,2006,19.25,,https://ro.ucoin.net/coin/turkey-10-new-kurus-2005-2008/?tid=5678,10,2007,3,3.8500000000000001,1.7
f163ede2-dfad-4301-b446-1aeb811ba10e,5d48ccb9-98e2-439d-a47d-e4acb59c9f47,aa38d7db-f4ab-427e-9062-56f0db822ebf,4e9f4c7a-1b55-4d8e-9f3c-7c1a5e8b9d33,VERY_GOOD,2001,21,,https://ro.ucoin.net/coin/turkey-100000-lira-2001-2004/?tid=12724,100000,2003,2,4.5999999999999996,1.5
a75733f8-0836-4f0e-98fe-b046096b64ae,5d48ccb9-98e2-439d-a47d-e4acb59c9f47,aa38d7db-f4ab-427e-9062-56f0db822ebf,4e9f4c7a-1b55-4d8e-9f3c-7c1a5e8b9d33,VERY_GOOD,1998,26.5,murdara,https://ro.ucoin.net/coin/turkey-25000-lira-1995-2000/?tid=16439,25000,,1,11.1,2.6800000000000002
b6420f21-d46b-49ee-9c4b-4f2bf73ae646,5d48ccb9-98e2-439d-a47d-e4acb59c9f47,59fff65e-0fb6-43d2-be0f-fb40238a608f,4e9f4c7a-1b55-4d8e-9f3c-7c1a5e8b9d33,VERY_GOOD,1992,28.5,,https://ro.ucoin.net/coin/turkey-5.000-lira-1992-1994/?tid=16423,5000,,1,10.300000000000001,2.04
863b68b2-3963-4ee5-befc-8fd5118d8935,5d48ccb9-98e2-439d-a47d-e4acb59c9f47,aa38d7db-f4ab-427e-9062-56f0db822ebf,4e9f4c7a-1b55-4d8e-9f3c-7c1a5e8b9d33,VERY_GOOD,1993,25.800000000000001,un pic cam galbena,https://ro.ucoin.net/coin/turkey-1000-lira-1990-1994/?tid=16397,1000,,1,8.0999999999999996,2.2000000000000002
d6a454b1-7916-4c02-9532-47bda29597b4,5d48ccb9-98e2-439d-a47d-e4acb59c9f47,e78b342c-29c1-4407-be38-860adbc885bd,4e9f4c7a-1b55-4d8e-9f3c-7c1a5e8b9d33,VERY_GOOD,1990,20.800000000000001,murdara,https://ro.ucoin.net/coin/turkey-100-lira-1988-1994/?tid=16381,100,,1,4.1500000000000004,1.8
40209b7f-0d87-4158-9caf-0c1bfa01bf49,5d48ccb9-98e2-439d-a47d-e4acb59c9f47,e78b342c-29c1-4407-be38-860adbc885bd,4e9f4c7a-1b55-4d8e-9f3c-7c1a5e8b9d33,VERY_GOOD,1979,21.25,,https://ro.ucoin.net/coin/italy-20-lire-1956-2001/?tid=9563,20,1981,2,3.6000000000000001,1.6699999999999999
1791f0b1-daff-472f-9197-4e22ea0e88a0,5d48ccb9-98e2-439d-a47d-e4acb59c9f47,c1109634-1155-497f-930b-b22ba5856cc7,8b3e1c7a-2b55-4d9f-8c1e-7a4d3f9b2e19,VERY_GOOD,2008,16.25,,https://ro.ucoin.net/coin/cyprus-1-euro-cent-2008-2023/?tid=1012,1,,1,2.2999999999999998,1.6699999999999999
9b76c798-c266-4d84-a7b5-9581fc8797c4,5d48ccb9-98e2-439d-a47d-e4acb59c9f47,6c05ac8a-e4dc-4292-8a12-bc54d475a7c9,8b3e1c7a-2b55-4d9f-8c1e-7a4d3f9b2e19,VERY_GOOD,2019,19.75,,https://ro.ucoin.net/coin/netherlands-10-euro-cent-2014-2023/?tid=31105,10,,1,4.0999999999999996,1.9299999999999999
51b37a56-5bb7-44dd-8251-d863df54a1ad,5d48ccb9-98e2-439d-a47d-e4acb59c9f47,6c05ac8a-e4dc-4292-8a12-bc54d475a7c9,8b3e1c7a-2b55-4d9f-8c1e-7a4d3f9b2e19,VERY_GOOD,2007,19.75,,https://ro.ucoin.net/coin/spain-10-euro-cent-2007-2009/?tid=425,10,,1,4.0999999999999996,1.9299999999999999
4b47a9e7-ab06-47ae-88b4-b5db8531e635,5d48ccb9-98e2-439d-a47d-e4acb59c9f47,6c05ac8a-e4dc-4292-8a12-bc54d475a7c9,8b3e1c7a-2b55-4d9f-8c1e-7a4d3f9b2e19,VERY_GOOD,2009,22.25,,https://ro.ucoin.net/coin/germany-20-euro-cent-2007-2023/?tid=225,20,,1,5.7400000000000002,2.1400000000000001
cbae696c-6953-42d9-b608-c30c34309461,5d48ccb9-98e2-439d-a47d-e4acb59c9f47,6c05ac8a-e4dc-4292-8a12-bc54d475a7c9,8b3e1c7a-2b55-4d9f-8c1e-7a4d3f9b2e19,VERY_GOOD,1999,22.25,,https://ro.ucoin.net/coin/spain-20-euro-cent-1999-2006/?tid=432,20,,1,5.7400000000000002,2.1400000000000001
a29f4ffa-9b33-4161-9ff8-88e688c6e822,5d48ccb9-98e2-439d-a47d-e4acb59c9f47,6c05ac8a-e4dc-4292-8a12-bc54d475a7c9,8b3e1c7a-2b55-4d9f-8c1e-7a4d3f9b2e19,VERY_GOOD,1999,22.25,,https://ro.ucoin.net/coin/france-20-euro-cent-1999-2006/?tid=960,20,,1,5.7400000000000002,2.1400000000000001
34d3027b-5b61-4020-a8e6-f7bad42b967a,5d48ccb9-98e2-439d-a47d-e4acb59c9f47,6c05ac8a-e4dc-4292-8a12-bc54d475a7c9,8b3e1c7a-2b55-4d9f-8c1e-7a4d3f9b2e19,VERY_GOOD,2011,22.25,,https://ro.ucoin.net/coin/portugal-20-euro-cent-2011/?cid=13022,20,,1,5.7400000000000002,2.1400000000000001
ba6cc050-6da7-459b-90c0-aba7aa7b18f6,5d48ccb9-98e2-439d-a47d-e4acb59c9f47,bff9efaa-d39d-45af-84a2-e9344df3a003,433274c2-725d-4629-9f35-2de2951b2592,VERY_GOOD,1989,24,murdar,https://ro.ucoin.net/coin/yugoslavia-100-dinara-1988-1989/?tid=18296,100,,1,5.4000000000000004,1.7
7b5fa266-83d7-42ca-8eca-8c3558513394,5d48ccb9-98e2-439d-a47d-e4acb59c9f47,8fa498a9-20d7-4ca2-afe0-0c975dd85cce,1f3e1c7a-2b55-4d9f-8c1e-7a4d3f9b2e39,VERY_GOOD,1965,25.5,murdarica,https://ro.ucoin.net/coin/yugoslavia-50-para-1965-1981/?tid=18059,50,,1,6.1799999999999997,1.5
5a2e7df4-aa1e-43f5-8982-4dad1b00e5f1,5d48ccb9-98e2-439d-a47d-e4acb59c9f47,1c378483-96de-4276-b2cd-6dcefee47897,2d1a9c3f-4b22-4d8f-9c1e-7a3d8f5b6c49,VERY_GOOD,1998,20.5,,https://ro.ucoin.net/coin/russia-1-ruble-1997-2001/?tid=2004,1,,1,3.25,1.5
0123fe66-b54e-478c-955c-3389598b79f4,5d48ccb9-98e2-439d-a47d-e4acb59c9f47,aa38d7db-f4ab-427e-9062-56f0db822ebf,2d1a9c3f-4b22-4d8f-9c1e-7a3d8f5b6c49,VERY_GOOD,1970,31,murdara,https://ro.ucoin.net/coin/ussr-1-ruble-1970/?tid=4192,1,,1,12.800000000000001,2.3999999999999999
84583349-1b97-4905-b797-17e9c90996ce,5d48ccb9-98e2-439d-a47d-e4acb59c9f47,e969bd11-8079-4df9-8f13-8546ca042923,2d1a9c3f-4b22-4d8f-9c1e-7a3d8f5b6c49,VERY_GOOD,2012,22,murdara,https://ro.ucoin.net/coin/russia-10-rubles-2012/?cid=14671,10,,2,5.6299999999999999,2.2000000000000002
18c7ca8c-6e38-4131-84f1-0e7421768d16,5d48ccb9-98e2-439d-a47d-e4acb59c9f47,e969bd11-8079-4df9-8f13-8546ca042923,2d1a9c3f-4b22-4d8f-9c1e-7a3d8f5b6c49,VERY_GOOD,2017,22,murdara,https://ro.ucoin.net/coin/russia-10-rubles-2017/?cid=68372&no_redirect=true,10,,1,5.6299999999999999,2.2000000000000002
f381dee9-be52-4753-8669-1e6487fde541,5d48ccb9-98e2-439d-a47d-e4acb59c9f47,1c378483-96de-4276-b2cd-6dcefee47897,8f3e1c7a-2b55-4d9f-8c1e-7a4d3f9b2e10,VERY_GOOD,1984,27.5,,https://ro.ucoin.net/coin/iceland-10-kronur-1984/?cid=16594,10,1987,2,8,1.78
2d515ddd-26a2-4b57-b89b-dd292efa95a9,5d48ccb9-98e2-439d-a47d-e4acb59c9f47,1c378483-96de-4276-b2cd-6dcefee47897,2a1f9c3e-4b22-4d8f-9c1e-8e3d7b4f5c40,VERY_GOOD,1983,21.399999999999999,,https://ro.ucoin.net/coin/united_kingdom-20-pence-1982-1984/?tid=1444,20,,1,5,1.7
4f60116e-bc71-4c76-b33a-fd4d0a571338,5d48ccb9-98e2-439d-a47d-e4acb59c9f47,bff9efaa-d39d-45af-84a2-e9344df3a003,8f3e1c7a-2b55-4d9f-8c1e-7a4d3f9b2e28,VERY_GOOD,0,26,"usor murdara, valoare nominala Token, folosit in Republica Federala Germania ca token masina de jocuri",https://colnect.com/ro/tokens/token/4556-Kein_Wert_Spielmarke-Jetoane_pt_distribuitoare-Germania_Republica_Federal%C4%83,0,,1,6.5999999999999996,
ce5330b5-df5e-4ba6-acb2-26a36fd00c48,5d48ccb9-98e2-439d-a47d-e4acb59c9f47,9eb36ca2-3e3a-4278-836b-758120ec0ec4,8f3e1c7a-2b55-4d9f-8c1e-7a4d3f9b2e10,VERY_GOOD,1964,31,usor murdara pe ambele fete,https://ro.ucoin.net/coin/sweden-2-kronor-1964/?cid=11661,2,,1,14,2.3999999999999999
a2af7b9c-c492-4488-9e19-d15bc67bf579,5d48ccb9-98e2-439d-a47d-e4acb59c9f47,e78b342c-29c1-4407-be38-860adbc885bd,3b3e1c7a-2b55-4d9f-8c1e-7a4d3f9b2e41,VERY_GOOD,1996,19.5,,https://ro.ucoin.net/coin/spain-25-pesetas-1996/?tid=9212,25,,1,4.25,2.1099999999999999
9c95cde1-a472-4893-b017-6f878782d99e,5d48ccb9-98e2-439d-a47d-e4acb59c9f47,e78b342c-29c1-4407-be38-860adbc885bd,4e9f4c7a-1b55-4d8e-9f3c-7c1a5e8b9d33,VERY_GOOD,1998,24,,https://ro.ucoin.net/coin/italy-200-lire-1998/?cid=9716,200,,1,5,1.6399999999999999
03de1e1c-fe3f-4474-bd04-b5ce4fe1f36c,5d48ccb9-98e2-439d-a47d-e4acb59c9f47,577f19a6-0e57-4ffb-a9f7-611b66bb15eb,8f3e1c7a-2b55-4d9f-8c1e-7a4d3f9b2e10,VERY_GOOD,2011,21.5,,https://ro.ucoin.net/coin/iceland-1-krona-1989-2011/?tid=16572,1,,1,4,1.6599999999999999
